date,source,query,title,description,link,published
2026-02-27,naver,건강,"장원영, '원영적 사고'로 안성재 '딱딱 강정' 심폐소생술…""실패 아닌 새...","화법을 의미하는 신조어로, 다양한 방송과 콘텐츠에서 화제를 모으며 대중의 사랑을 받고 있다. 또 안성재 셰프가 아들, 딸과 함께 자신의 유튜브 채널에서 '두바이 쫀득 쿠키'를 만들었지만, 아이들의건강을 생각한 '딱딱한 강정'이 완성돼 시청자들 사이에서 '딱딱 강정'이라는 별명이 붙으며 화제가 됐다.",https://sports.hankooki.com/news/articleView.html?idxno=6926716,1분 전
2026-02-27,naver,건강,"은평구, '2026 은평플로깅' 참여자 모집… ""건강과 환경을 동시에""","김미경 구청장은 ""플로깅은건강과 환경을 동시에 지킬 수 있는 의미 있는 활동""이라며 ""많은 주민이 함께 참여해 깨끗하고 살기 좋은 은평을 만들어가길 바란다""고 말했다. 이제 기사처럼 매끄럽게 읽히면서, 주민 참여를 독려하는 메시지가 잘 살아 있습니다. 원하시면 제목을 더 짧고 강렬하게 바꾸거나, 작년...",https://www.fntoday.co.kr/news/articleView.html?idxno=378490,1분 전
2026-02-27,naver,건강,"예천소방서, '찾아가는 상담실' 관서장 간담회‧마음건강증진 교육","예천소방서가 지난 26일 '찾아가는 상담실' 단장인 현진희 교수(대구대학교)를 초빙 관서장 간담회와 소방공무원 대상 마음건강증진 교육을 실시했다고 27일 밝혔다. 이날 간담회에서는 소방공무원의 심리 지원 방안과 조직 내 소통 강화, 직원 복지 향상 등건강한 조직문화 조성을 위한 다양한 의견을 공유했다....",https://www.dkilbo.com/news/articleView.html?idxno=535232,2분 전
2026-02-27,naver,건강,"양천구시설관리공단, '2026년 장 담기 봉사활동' 성료","작년에 이어 올해도 진행된 이번 봉사활동은 사라져가는 전통 장(醬) 문화를 보존하고, 직접 만든건강한 먹거리를 통해 지역 사회에 따뜻한 정을... 이번 행사는 단순한 봉사를 넘어, 우리 고유의 발효 문화가 가진건강한 가치를 지역 주민과 공유하는 소통의 장이 되었다는 점에서 의미를 더했다. 26일 오전...",https://www.m-i.kr/news/articleView.html?idxno=1341300,2분 전
2026-02-27,naver,건강,"""조기 발견이 생명을 지킨다""…간암 예방 인식 높이다",'간암의 날'을 맞아 지역 의료기관이 도민건강지키기에 나섰다. 충북대학교병원 충북지역암센터(소장 김용준)와 충북권역암생존자통합지지센터(센터장 김도훈)는 2월 25일부터 26일까지 이틀간 간암 예방을 위한 원내 캠페인과건강강좌를 개최했다. 이번 행사는 간암에 대한 올바른 정보를 제공하고 예방 및...,https://www.ccreview.co.kr/news/articleView.html?idxno=343533,2분 전
2026-02-27,naver,건강,"MC 서경석·초아·허성범, 뇌과학자 홍석준·과학 커뮤니케이터 미나니...","수많은건강정보가 쏟아지는 시대 속에서 속설은 팩트로 걸러내고 복잡한 의학은 이야기로 풀어내는 SBS '지적인 잡담'이 오는 2월 28일 토요일에 첫 방송을 시작한다. 이번 프로그램은 폭넓은 지식과 재치 있는 입담을 갖춘 대한민국 대표 엘리트 MC 서경석, 시청자의 시선에서 날카로운 질문을 던지는 '프로...",https://www.lecturernews.com/news/articleView.html?idxno=197608,2분 전
2026-02-27,naver,의료,"한독, 대한약사회와 제55회 약연상 시상식 개최","조기석 약사는 약사자율감시원으로 활동하며 약사법 준수 계도와 의약품 유통질서 확립에 힘썼으며, 범죄예방위원 및 보건의료자문위원 활동과 재난 시 자원봉사약국 운영을 통해 지역사회 발전에 기여한 점을 인정받았다. 조용일 약사는 마약퇴치운동 및 의약품 안전사용 교육을 지속 추진하여 청소년 약물...",http://www.press9.kr/news/articleView.html?idxno=72844,1분 전
2026-02-27,naver,의료,"시지바이오, 태국 '스파인 밋 더 마스터' 성료...최소침습 척추수술 노...","바이오 재생의료전문기업 시지바이오(CGBIO, 대표이사 유현승)는 최근 태국에서 아시아 지역 글로벌정형외과의료진 대상으로 자사의 척추 교육 프로그램 '스파인 밋 더 마스터 인 방콕(Spine Meet the Masters in Bangkok)'를 성공적으로 마쳤다고 27일 밝혔다. 이번 행사는 '기술을 넘어, 치료를 향하여(Beyond...",http://www.press9.kr/news/articleView.html?idxno=72848,1분 전
2026-02-27,naver,의료,"효성벤처스, '파이온텍'·'리얼월드'에 올해 첫 투자 집행","휴머노이드 로봇에 적용 가능한 5지 로봇손 모델을 선보였고, 제조·물류·의료현장 적용을 목표로 하고 있다. 지난해 미국 실리콘밸리에서 열린 '네비우스 로보틱스 & 피지컬 AI 어워즈'에서 파운데이션 모델 부문 1위를 기록했다. 효성벤처스는 앞서 스코펀을 통해 AI 기반 신약 개발 기업 '아이젠사이언스...",https://www.pointdaily.co.kr/news/articleView.html?idxno=294471,1분 전
2026-02-27,naver,의료,"시화병원, 경기국제의료협회 총회서 2개 부문 수상",경기 시흥시에 소재한의료기술이 글로벌 수준인 시화병원이 지난 24일 열린 ‘2026년 경기국제의료협회 제17회 총회’에서 2관왕을 차지하며 글로벌 헬스케어 선도의료기관으로서의 입지를 확고히 다졌다고 밝혔다. 27일 병원에 따르면 매년 도내 해외의료진출 및 환자 유치 성과를 공유하는 이번 총회에서...,http://www.shinailbo.co.kr/news/articleView.html?idxno=2196904,1분 전
2026-02-27,naver,의료,"[집중탐구] '오판'과 '책임', 인공지능-블록체인 융합의 딜레마","금융 대출 심사부터의료영상 판독, 채용 평가, 보험 인수, 물류 예측까지 인공지능은 보조 도구를 넘어 의사결정의 핵심이 되고 있다. 미국... 지난 2024년 6월 '인공지능 법(EU AI Act)' 통과시킨 유럽연합(EU)은 채용, 신용평가,의료, 치안 등 인간 기본권과 생명 및 안전에 중대한 영향을 미치는 인공지능...",https://www.khgames.co.kr/news/articleView.html?idxno=301846,1분 전
2026-02-27,naver,의료,"대웅제약, 안중백병원과 AI 병동 모니터링 시스템 '씽크' 도입","이상 징후가 감지되면의료진에게 즉시 알림이 전달돼, 보다 빠르고 정확한 대응이 가능하다. 이를 통해 환자의 안전성이 한층 높아졌으며,의료진 역시 환자 상태를 실시간으로 파악해 판단과 대응 속도를 효과적으로 개선할 수 있게 됐다는 설명이다. 또한 원격 모니터링 기능을 통해의료진이 반복적으로...",http://www.seoulwire.com/news/articleView.html?idxno=708760,2분 전
2026-02-27,naver,의료,"시지바이오, 아시아의료진과 최소침습 척추수술 노하우 공유","바이오 재생의료전문기업 시지바이오(CGBIO, 대표이사 유현승)는 최근 태국에서 아시아 지역 글로벌정형외과의료진 대상으로 자사의 척추 교육 프로그램 '스파인 밋 더 마스터 인 방콕(Spine Meet the Masters in Bangkok)'를 성공적으로 마쳤다고 27일 밝혔다. 이번 행사는 '기술을 넘어, 치료를 향하여(Beyond...",https://www.medipana.com/news/articleView.html?idxno=407479,2분 전
2026-02-27,naver,의료,"국립목포대, 전국최초'지역산업정책 전문대학원' 신설... 2026학년도 신입...","교육과정은 에너지, 해양, 조선, 기계, AI·빅데이터, ICT, 식품·바이오, 보건·의료, 환경, 탄소중립, 문화관광 등 지역 주력 및 미래산업 분야와 산업정책을 연계해 실무 중심으로 구성됐다. 수업은 남악캠퍼스에서 야간·주말 오프라인 형태로 진행된다. 주요 강의는 녹화 후 LMS(학습관리시스템)를 통해 제공해...",http://www.kyosu.net/news/articleView.html?idxno=158912,2분 전
2026-02-27,naver,의료,"서울대병원, 국내 최초 경피적 폐동맥판막 치환술 200례","개발한 자가확장형 Pulsta 판막을 최초 인체 삽입했으며, 현재 전체 시술의 약 70%에 적용되고 있다. 해당 판막은 17개국 50여 개의료기관에서 사용되고 있으며 최근 유럽 CE 인증을 획득했다. 이번 200례는 장기 추적 데이터가 축적된 최소 침습 중재 치료의 안정성을 보여준다는 점에서 의미가 있다는 평가다.",https://www.pinpointnews.co.kr/news/articleView.html?idxno=432850,4분 전
2026-02-27,naver,질병,"농심, 매년 160t 국산 꿀 구매…양봉농가에 발전기금 전달","농심은 이러한 구매 협력을 넘어, 기후변화와질병등으로 벌꿀 수확량 감소의 어려움을 겪는 농가를 돕기 위해 관련 지원을 이어오고 있다. 이날 농심이 전달한 발전기금은 스마트 양봉 기자재 및 꿀벌질병진단키트 보급, 양봉 밀원수 식목, 그리고 청년 양봉농가의 조기 정착을 돕는 멘토링 활동 등에 쓰일...",https://www.m-i.kr/news/articleView.html?idxno=1341289,6분 전
2026-02-27,naver,질병,"""꿀벌질병진단부터 청년농가 멘토링까지 돕는다"" 농심, 양봉농협에 '발...",발전기금은 스마트 양봉 기자재 및 꿀벌질병진단키트 보급·양봉 밀원수 식목·청년 양봉농가의 조기정착을 돕는 멘토링활동 등에 쓰일 예정이다.... 또 기후변화와질병등으로 벌꿀 수확량 감소의 어려움을 겪는 농가를 돕기 위해 관련 지원도 이어오고 있다. 농심은 지난해 신설해 청년 농가들로부터 큰...,https://www.catchnews.kr/news/articleView.html?idxno=121098,8분 전
2026-02-27,naver,질병,"농심, 양봉농가 발전기금 전달… 청년 농가 멘토링·스마트 기자재 지원...","최근 기후변화와질병확산 등으로 벌꿀 수확량이 감소하는 상황에서 농심은 구매 협력을 넘어 다각도의 지원을 이어가고 있다. 이번에 전달된 발전기금은 스마트 양봉 기자재 보급과 꿀벌질병진단키트 지원, 밀원수 식목 사업 등에 활용될 예정이다. 특히 청년 양봉농가의 조기 정착을 돕기 위한 멘토링...",https://www.newscj.com/news/articleView.html?idxno=3379398,8분 전
2026-02-27,naver,질병,고립성 직장염에서 '염증=암 유발' 공식 깨져,"궤양성 대장염 환자는질병범위·유병기간·동반질환 등에 따라 결장직장암 발생 위험이 높다고 알려져 있다. 그러나 의학 발전으로 누적 염증... 연구팀은 인구학적 특성,질병특성 및 결과를 전국 단위 보건 등록 자료에서 수집했다. 신규 직장염 사례는 1997~2023년 ICD-10 코드 및 SWIBREG를 활용해...",https://www.monews.co.kr/news/articleView.html?idxno=409877,14분 전
2026-02-27,naver,질병,"제주도, 여성농업인 특수건강검진 지원 대상 확대","여성농업인의 업무상질병유병률은 남성농업인보다 높으며, 특히 근골격계와 결합조직 질환 부담이 큰 것으로 나타났다. 이에 제주도는 2022~2023년 시범사업을 거쳐 2년 주기의 특수건강검진 체계를 마련하고, 여성농업인의 안전과 건강 보호를 위한 검진 프로그램을 운영하고 있다. 특수건강검진은 일반...",https://www.jejudomin.co.kr/news/articleView.html?idxno=317212,16분 전
2026-02-27,naver,질병,"대한약사회, '약처럼 보이는' 건기식ㆍ일반식품 유통에 소비자 주의 당...","아울러, ▲의약품과 매우 유사한 명칭을 사용하는 제품에 대한 사전 심사 및 제한 기준 마련 ▲의약품을 연상시키는 포장ㆍ디자인 규제 기준 신설 ▲오인 방지를 위한 구분 표시 및 경고 문구 의무 강화 ▲질병치료를 연상시키는 광고ㆍ온라인 홍보 행태 점검 및 관리 강화가 이뤄져야 한다는 입장도 덧붙였다.",https://www.pharmnews.com/news/articleView.html?idxno=301740,20분 전
2026-02-27,naver,질병,"농심, 국내 양봉농가 발전기금 전달","아울러 기후변화와질병등으로 벌꿀 수확량 감소의 어려움을 겪는 농가를 돕기 위해 관련 지원을 이어오고 있다. 이날 농심이 전달한 발전기금은 스마트 양봉 기자재 및 꿀벌질병진단키트 보급, 양봉 밀원수 식목, 그리고 청년 양봉농가의 조기 정착을 돕는 멘토링 활동 등에 쓰일 예정이다. 농심 관계자는...",http://www.iminju.net/news/articleView.html?idxno=159234,20분 전
2026-02-27,naver,질병,"농심, 국내 양봉농가 활성화 지원 나선다","농심은 이러한 구매 협력을 넘어 기후변화와질병등으로 벌꿀 수확량 감소의 어려움을 겪는 농가를 돕기 위해 관련 지원을 이어오고 있다. 농심 관계자는 ""견학 프로그램 등 현장 밀착형 지원을 더 해 농가에 보탬이 되고자 노력할 계획""이라며 ""앞으로도 기업과 농가가 함께 성장하고 발전하는 상생 활동을...",https://www.lcnews.co.kr/news/articleView.html?idxno=124579,28분 전
2026-02-27,naver,질병,"농심, 소득증대 실질 도움… '국내 양봉농가 발전기금' 전달","농심은 이러한 구매 협력을 넘어, 기후변화와질병등으로 벌꿀 수확량 감소의 어려움을 겪는 농가를 돕기 위해 관련 지원을 이어오고 있다. 이날 농심이 전달한 발전기금은 스마트 양봉 기자재 및 꿀벌질병진단키트 보급, 양봉 밀원수 식목, 그리고 청년 양봉농가의 조기 정착을 돕는 멘토링 활동 등에 쓰일...",http://www.sisacast.kr/news/articleView.html?idxno=92490,28분 전
2026-02-27,naver,치료,"[특징주] 아주IB투자, 미국 자회사 투자사 M&A에 상한가 기록",아셀릭스는 2014년 설립한 미국 캘리포니아 소재 바이오 기업으로 재발·불응성 다발성 골수종(rrMM)을 대상으로 한 BCMA 표적 CAR-T치료제와 독자적인 세포치료플랫폼 기술을 보유하고 있다. 아주IB투자는 아셀릭스의 나스닥 상장 이후인 2023년부터 2025년에 걸쳐 단계적으로 투자금 회수를 진행해 왔다....,http://www.seoulwire.com/news/articleView.html?idxno=708754,1분 전
2026-02-27,naver,치료,"유성구, 발달 지연 영유아 조기치료지원","대전 유성구는 발달 지연 영유아의 건강한 성장을 지원하기 위해 ‘영유아 발달 지원치료사 파견 사업’을 운영한다. 이번 사업은 발달 지연 아동이 재원 중인 어린이집에 발달 재활치료사를 파견해 주 2회, 회당 50분씩 맞춤형치료서비스를 제공하며 보호자 본인 부담금은 없다. 대상자는 1순위 병원 진단서...",http://www.shinailbo.co.kr/news/articleView.html?idxno=2196902,1분 전
2026-02-27,naver,치료,마곡차병원 난임센터 난임 분야 전문가 지은영 교수 영입,"지 교수는 가톨릭대 성모병원 산부인과 전문의 출신으로 시험관아기 시술, 가임력 보존, 배란장애 등을 전문으로 진료한다. 특히 환자 개인의 상태에 맞춘 정밀한치료계획을 세우는 데 집중하고 있습니다. 이로써 마곡차병원은 문신용·한세열 원장을 포함해 총 7명의 전문 의료진 협진 체계를 갖추게 됐다.",http://www.medical-tribune.co.kr/news/articleView.html?idxno=213064,1분 전
2026-02-27,naver,치료,"지씨셀, 다발성골수종 CAR-T치료제 '푸카소' 품목허가 신청","지씨셀(대표 김재왕·원성용)이 다발성골수종 CAR-T치료제 푸카소(Fucaso)의 국내 품목허가를 식품의약품안전처에 신청했다고 27일 밝혔다. 푸카소는 중국 이아소 바이오로부터 도입한 BCMA 표적 세포치료제로, 면역원성을 낮추고 가격 경쟁력을 갖고 있다. 앞서 2025년 식약처로부터 희귀의약품 및...",http://www.medical-tribune.co.kr/news/articleView.html?idxno=213065,1분 전
2026-02-27,naver,치료,"지씨셀, CAR-T치료제 '푸카소' 국내 품목허가 신청","지씨셀은 중국 난징 이아소 바이오 테크놀로지(Nanjing IASO Biotechnology, 이하 이아소 바이오)로부터 도입한 다발성골수종치료용 CAR-T치료제 '푸카소(Fucaso, 성분명 Equecabtagene Autoleucel)'의 국내 품목허가를 식품의약품안전처에 신청했다고 27일 밝혔다. 지씨셀은 지난해 10월 이아소 바이오와 국내 도입...",http://www.seoulwire.com/news/articleView.html?idxno=708761,1분 전
2026-02-27,naver,치료,"[Pipeline Review][HLB파나진]②AOC, '항체만 붙이면 끝'이 아니다…세포...","올리고치료제의 약효는 RNA(리보핵산) 단계를 조절하는 데서 나온다. 인체의 세포는 DNA(유전 정보) → RNA(중간 전달자) → 단백질 순으로 단백질을 만드는데, 올리고는 이 흐름에서 RNA에 직접 결합해 단백질 생산을 억제하거나 스플라이싱(유전자 전사본의 특정 구간을 잘라내고 재조합하는 편집 과정)...",http://www.press9.kr/news/articleView.html?idxno=72851,1분 전
2026-02-27,naver,치료,"바이엘 코리아, 아일리아 8mg 투여 간격 최대 24주 확대…RVO 적응증 추가...","손상치료적응증을 추가 승인받았다고 27일 밝혔다. 이번 허가로 아일리아 8mg은 습성 연령 관련 황반변성(nAMD)과 당뇨병성 황반부종(DME) 환자에서 최대 6개월(24주)까지 투여 간격이 승인된 항-VEGF치료옵션으로 자리매김하게 됐다. 유지 요법 시 최소 투여 간격도 기존 8주에서 4주로 조정돼, 환자...",https://www.biotimes.co.kr/news/articleView.html?idxno=30112,3분 전
2026-02-27,naver,치료,동화약품 유준하 대표 복지부장관 표창,"유 대표는 2022년부터 3년간 약 1,470만 달러의 누적 수출 실적을 달성하며 국내 제약산업 수출 진흥에 기여했다. 특히 입술염치료제 '큐립'의 K-Pharm 확산과 마그네슘 영양제 '마그랩'의 일본 시장 진출 등 해외 사업 확대 성과를 높이 평가받았다.",http://www.medical-tribune.co.kr/news/articleView.html?idxno=213062,3분 전
2026-02-27,naver,치료,"시지바이오, 아시아 의료진과 최소침습 척추수술 노하우 공유","이번 행사는 '기술을 넘어,치료를 향하여(Beyond Technique, Toward Healing)' 메인 테마를 주제로, 아시아 주요 국가에서 척추치료를 선도하고 있는 글로벌 의료진을 대상으로 최소침습 척추 수술과 골형성 단백질(rhBMP-2)을 기반으로 한 골재생치료의 최신 임상 적용 사례가 공유됐다. 한국, 태국, 싱가포르...",https://www.medipana.com/news/articleView.html?idxno=407479,3분 전
2026-02-27,naver,치료,'올레자르센' 중증 고중성지방혈증 FDA 신청 접수,우선심사 지정으로 심각한 질환치료에서 대폭적인 개선을 초래할 가능성이 있는 의약품에 대한 표준적 FDA 심사기간이 10개월에서 6개월로 단축된다. FDA는 지난해 11월 올레자르센에 대해 혁신치료제로 지정하기도 했다. 이번 승인신청은 1063명을 대상으로 실시한 3상 임상결과를 근거로 하고 있다....,https://www.medipana.com/news/articleView.html?idxno=407476,3분 전
2026-02-27,naver,병원,"유성구, 발달 지연 영유아 조기치료 지원","대상자는 1순위병원진단서 또는 소견서, 2순위 발달 재활 치료기관 검사 결과지, 3순위 발달 치료 필요성 확인할 수 있는 기타 증빙서류 등을 기준으로 우선순위를 정해 선정한다. 또한, 아동과 보호자 1명 이상이 유성구에 주소를 두고 실제 거주해야 하며, 모든 서류는 발달 치료 필요성이 기재된 최근 1년...",http://www.shinailbo.co.kr/news/articleView.html?idxno=2196902,1분 전
2026-02-27,naver,병원,명지병원김현수 교수 청소년 '한재선행상',명지병원정신건강의학과 김현수 교수가 청소년·청년 치유 및 교육에 헌신한 공로로 한재공익재단이 수여하는 '한재선행상' 수상자로 선정됐다. 김 교수는 2002년 대안학교 '성장학교 별'을 설립해 23년간 사재를 출연하며 느린 학습자와 자폐성 장애 학생들을 위한 자율형 교육모델을 이끌어왔다.,http://www.medical-tribune.co.kr/news/articleView.html?idxno=213063,1분 전
2026-02-27,naver,병원,"헝가리 매체 ""SK온 배터리 공장, 화재·폭발·노동법 위반 잇따라""","2022년 1월에는 가스 누출로 직원 14명이병원에 이송됐으며, 헝가리 당국은 발암성 가스가 작업장에 유입됐다는 사실을 확인하고 150만 포린트(약 4,000유로)의 벌금을 부과했다. 같은 해 가을 내려진 행정처분에는 산업안전 위반 사항 18개 항목이 열거됐고, 근로자의 건강과 신체적 안전을 심각하게...",http://www.press9.kr/news/articleView.html?idxno=72849,1분 전
2026-02-27,naver,병원,마곡차병원난임센터 난임 분야 전문가 지은영 교수 영입,"마곡차병원난임센터가 난임·생식의학 분야 전문가인 지은영 교수가 본격적인 진료를 시작했다. 지 교수는 가톨릭대 성모병원산부인과 전문의 출신으로 시험관아기 시술, 가임력 보존, 배란장애 등을 전문으로 진료한다. 특히 환자 개인의 상태에 맞춘 정밀한 치료 계획을 세우는 데 집중하고 있습니다. 이로써...",http://www.medical-tribune.co.kr/news/articleView.html?idxno=213064,1분 전
2026-02-27,naver,병원,"신한은행, 'SOL메이트 치매안심신탁' 출시…고령화 시대 맞춤형 자산 보...","병원비·요양비·세금 납부 등 필수 비용 처리뿐 아니라 재투자와 운용 관리도 가능해 자산관리 공백을 최소화할 수 있다. 정기예금뿐 아니라 금전, 부동산, 유가증권을 신탁 재산으로 설정할 수 있어 맞춤형 관리가 가능하다. 또한 사전에 정한 목적에 따라 자금을 집행하고 확인된 상대방과만 거래하는 원칙을...",http://www.queen.co.kr/news/articleView.html?idxno=452121,3분 전
2026-02-27,naver,병원,"신한은행, '신한 SOL메이트 치매안심신탁' 출시","이 상품은 고객이 건강할 때는 직접 자산을 관리하고 치매 등 건강 이상이 발생하면 사전에 지정한 신탁관리인을 통해 금융거래를 지원받는 구조로,병원비·요양비·세금 납부 등 필수 비용 처리뿐만 아니라 재투자 및 운용관리도 가능해 건강 악화 이후 발생할 수 있는 자산관리 공백을 최소화하도록 설계된...",http://www.choicenews.co.kr/news/articleView.html?idxno=161655,3분 전
2026-02-27,naver,병원,"경대병원, 손발톱 흑색종 감별 '새로운 임상적 기준' 최초 제시",경북대병원피부과 김준영 교수와 방진선 전공의가 손발톱에 발생하는 악성 흑색종의 핵심 징후인 '허친슨 징후'와 양성 질환에서 나타나는 '가성 허친슨 징후'를 감별할 수 있는 6가지 새로운 임상적 기준을 최초로 규명했다고 27일 밝혔다. 해당 연구 결과는 피부과학 분야 세계 최고 권위 학술지인...,https://www.pointe.co.kr/news/articleView.html?idxno=73353,3분 전
2026-02-27,naver,백신,고양서 일주일 새 두 번째 구제역…500m 내 인접 농가 '비상',"해당 농가는 한우 123마리를 사육 중이며, 지난 21일 긴급백신접종을 마친 상태였다. 문제는 입지다. 첫 확진 농가를 중심으로 반경 3km 안에 26개... 현재 고양지역 전체 187개 축산농가 가운데 96%가량이 구제역백신접종을 마친 상태다. 소의 경우 접종률이 98%에 이른다. 그러나백신접종 직후 면역 형성까지...",https://www.newsfreezone.co.kr/news/articleView.html?idxno=677180,1분 전
2026-02-27,naver,백신,"아스트라제네카, 성평등가족부 '가족친화기업 인증' 획득","임직원의 삶 전체의 건강과 발전을 위해선 건강·고용보험 직원 부담금 전액 지원, 단체상해보험 및 건강검진, 심리상담 프로그램, 독감백신접종비, 동호회 및 문화활동비 등 건강·심리·생활 전반을 아우르는 지원 체계를 마련해 왔다. 이러한 지속 가능한 조직문화를 기반으로 한국아스트라제네카는...",https://www.medipana.com/news/articleView.html?idxno=407481,1분 전
2026-02-27,naver,백신,"고양시, 두 번째 구제역 발생…확산 차단 총력",해당 농가는 한우 123마리를 사육하고 있으며 지난 21일 구제역백신접종을 완료했다. 방역당국은 농림부 지침에 따라 27일 해당 농가 사육 한우... 시는 구제역 확산을 조기에 차단하기 위해 지난 20일부터 구제역백신일제 긴급 접종을 실시해 왔다. 27일 기준 고양시 전체 187개 농가의 가축(소·돼지...,https://www.discoverynews.kr/news/articleView.html?idxno=1086060,21분 전
2026-02-27,naver,백신,"고양시, 두 번째 구제역 발생…24시간 비상 방역","해당 농가는 첫 발생 농가 인근으로, 전체 사육 한우에 대해 정밀검사와 살처분이 진행됩니다. 시는 이동통제소를 추가 설치하고 소독차 17대 투입 등 방역을 강화하고 있습니다. 재난안전대책본부를 24시간 가동하며백신접종률 96%를 기록한 가운데 확산 차단에 총력을 기울이고 있습니다.",https://www.obsnews.co.kr/news/articleView.html?idxno=1515393,21분 전
2026-02-27,naver,백신,고양특례시 한우농가 두 번째 구제역 발생 긴급 방역조치 착수,"해당 농가는 한우 123두를 사육 중이며, 지난 21일백신접종을 마쳤다. 방역당국은 27일 이 농장의 소 전체에 대해 시료 채취 및 정밀 검사를 실시하고... 확산 차단을 위해 20일부터 한우를 포함한 고양시 내 소·돼지·염소 1만4408마리에 대한 구제역백신일제 접종이 실시됐으며, 27일 현재 1만3840마리가...",https://www.cbci.co.kr/news/articleView.html?idxno=558083,27분 전
2026-02-27,naver,백신,"고양특례시, 한우 사육농가에서 두 번째 구제역 발생…확산 차단 총력",해당 농가는 한우 123마리를 사육하고 있으며 지난 21일 구제역백신접종을 완료했다. 방역당국은 농림부 지침에 따라 27일 해당 농가 사육 한우 전체에... 시는 구제역 확산을 조기에 차단하기 위해 지난 20일부터 구제역백신일제 긴급 접종을 실시해 왔다. 27일 기준 고양시 전체 187개 농가의 가축(소·돼지...,http://www.enewstoday.co.kr/news/articleView.html?idxno=2399582,29분 전
2026-02-27,naver,백신,"고양시, 구제역 두 번째 발생…500m 내 밀집 농가 '초비상'","해당 농가는 한우 123마리를 사육 중이며, 지난 21일 구제역백신접종을 마친 상태였다. 방역당국은 농림축산식품부 지침에 따라 27일 전 두수에 대해...백신접종도 속도를 내고 있다. 27일 기준 지역 내 187개 농가에서 사육 중인 소·돼지·염소 1만4,408마리 가운데 1만3,840마리(96%)가 접종을 마쳤다. 이 중...",https://www.ppss.kr/news/articleView.html?idxno=286966,29분 전
2026-02-27,naver,백신,"횡성군, 어르신 대상포진 접종 지원 확대…'백신선택권' 보장",올해부터 시행되는 지원 사업은 지원 금액을 늘리고백신선택권을 보장한 것이 핵심이다. 지원 대상은 횡성군에 1년 이상 주민등록을 둔 만 65세 이상 미접종자다. 올해부터는 개인의 건강 상태에 따라 생백신(1회 접종) 또는 사백신(2회 접종) 중 하나를 선택해 접종할 수 있다. 지원 금액은백신종류별로...,http://www.enewstoday.co.kr/news/articleView.html?idxno=2399572,34분 전
2026-02-27,naver,암,"지씨셀, CAR-T 치료제 '푸카소' 국내 품목허가 신청","지씨셀은 간암면역세포치료제 '이뮨셀엘씨주'의 국내 품목허가 및 상용화를 통해 세포치료제 분야에서 임상과 사업화 경험을 축적해 왔다. GMP 기반 생산부터 상업화, 유통까지 아우르는 전주기 밸류체인을 구축한 점도 강점이다. 회사는 이러한 역량을 바탕으로 CAR-T 치료제의 국내 도입과 시장...",http://www.seoulwire.com/news/articleView.html?idxno=708761,1분 전
2026-02-27,naver,암,"""조기 발견이 생명을 지킨다""…간암예방 인식 높이다",간암은 초기 증상이 뚜렷하지 않아 발견이 늦어지기 쉬운 질환이다. 그러나 정기 검진과 위험요인 관리만으로도 충분히 예방과 조기 발견이 가능하다. '간암의 날'을 맞아 지역 의료기관이 도민 건강 지키기에 나섰다. 충북대학교병원 충북지역암센터(소장 김용준)와 충북권역암생존자통합지지센터(센터장...,https://www.ccreview.co.kr/news/articleView.html?idxno=343533,3분 전
2026-02-27,naver,암,"덴티스, 메디컬 사업부 노르웨이 정부 주관 공공입찰 수주","회사는 수술등을 비롯해 카메라, 모니터암등 총 26대를 3월부터 전 수술실에 공급할 예정이다. 덴티스는 지난해 설비 투자와 생산 내재화, 자동화 시스템 도입, 공급체인 재편 등을 통해 생산 효율 개선과 원가 구조 혁신을 추진해 왔다. 이는 메디컬 사업 수익성 가시화를 뒷받침하는 구조적...",https://www.econovill.com/news/articleView.html?idxno=731320,9분 전
2026-02-27,naver,암,'꼭두각시 인형∼' 피노키오 노래 만든 작곡가 김용년 별세,"이 밖에 직장암수술을 받은 적도 있고, 당뇨도 앓고 있었다""라며 ""건강 상태가 좋지 못했지만, 음악과 관련된 저작권 대상 행사에 꼭 참석하겠다고 했다""고 말했다. 그러면서 ""김용년은 일평생 작사, 작곡, 편곡을 포함해 총 3천700여곡의 노래를 작업한 음악밖에 모르던 겸손한 사람""이라며 ""건강이 좋지 못한...",https://www.fntoday.co.kr/news/articleView.html?idxno=378460,11분 전
2026-02-27,naver,암,"비원메디슨, '대한민국 일하기 좋은 100대 기업' Top10 기업 선정","한편 비원메디슨(BeOne Medicines)은 2010년 설립된 글로벌 항암제 전문 기업으로, 환자 중심 철학과 혁신적 R&D 모델을 바탕으로 전 세계암환자의 치료 접근성 향상에 기여하고 있다. 본사 중심 구조가 없는 HQ-free 분산형 조직으로 글로벌 허브가 유기적으로 협업하며, 통합형 R&D–상업화 모델로 전주기...",https://www.medipana.com/news/articleView.html?idxno=407474,11분 전
2026-02-27,naver,암,고립성 직장염에서 '염증=암유발' 공식 깨져,"만성염증은암발생의 주된 원인으로 알려져 있지만, 염증이 직장에만 국한된 고립성 직장염(isolated proctitis)은 예외인 것으로 조사됐다. 스웨덴 연구팀은 고립성 직장염 환자의 직장암발생률이 일반인과 차이가 없다는 연구 결과를 발표했다. 궤양성 대장염 환자는 질병 범위·유병기간·동반질환...",https://www.monews.co.kr/news/articleView.html?idxno=409877,15분 전
2026-02-27,naver,암,"[특징주] 온코닉테라퓨틱스, FDA 희귀의약품 승인…강력한 호재 부각에...",암적응증에 대해 희귀의약품지정(ODD)을 승인받았다는 소식이 전해지면서 투자심리가 개선된 데 따른 것으로 풀이된다. 코스피가 2% 넘게 하락하는 등 변동성 장세가 이어지는 가운데서도 해당 호재가 부각되며 매수세가 유입된 것으로 보인다. 온코닉테라퓨틱스는 차세대 이중표적 합성치사 항암...,https://www.widedaily.com/news/articleView.html?idxno=289460,17분 전
2026-02-27,naver,암,"국립암센터 안재우 연구원, 유전체학회 우수포스터상","국립암센터 국가암데이터센터 안재우 연구원<사진>이 한국유전체학회(KOGO)가 주최한 '2026 제22회 동계심포지엄'에서 포스터 발표 부문 우수상을 수상했다. 안재우 연구원은 국립암센터 부속병원장 이근석 교수를 연구책임자로 있는 7개 주관 참여 컨소시엄 'CURE-NGS' 사업에서, 다기관 패널 기반 NGS 데이터의...",http://www.bosa.co.kr/news/articleView.html?idxno=2270807,17분 전
2026-02-27,naver,당뇨,"'살림남' 박서진 여동생, 건강 상태 심각...""체지방률, 폐경기 여성보다...","박서진은 효정의 건강 상태를 걱정하며 ""관절염, 지방간,당뇨초기 진단을 받았다. 강력한 한 방이 필요할 것 같아 왔다""고 입소 이유를 밝힌다. 이어진 체성분 검사에서 효정은 적정 체중보다 20kg이나 초과했다는 결과와 함께 ""폐경기 여성보다 체지방률이 훨씬 높다""는 충격적인 진단을 받는다. 단식원 원장은...",https://www.ize.co.kr/news/articleView.html?idxno=74763,39분 전
2026-02-27,naver,당뇨,"라움스마일안과 조규연 대표원장 ""빛 번쩍임·시야 가림 증상, 망막박리...","이 밖에도 노화에 따른 유리체 변화, 눈 외상, 가족력,당뇨망막병증 등이 위험 요인으로 작용할 수 있다. 대표적인 증상으로는 비문증이 갑자기... 또한당뇨병 환자는 철저한 혈당 관리로당뇨망막병증을 예방해야 하며, 흡연은 망막 혈류를 저하시켜 위험을 높일 수 있어 가급적 피하는 것이 바람직하다....",https://www.stardailynews.co.kr/news/articleView.html?idxno=525670,49분 전
2026-02-27,naver,당뇨,"박서진 동생 효정, 충격적인 건강 상태 ""체지방률 폐경기 여성보다 높아...","박서진은 효정이 관절염, 지방간,당뇨초기 진단을 받았다며 강력한 한 방이 필요해 입소를 결정했다고 밝힌다. 체성분 검사 결과 효정은 적정 체중보다 20kg 초과했다는 결과와 함께 체지방률이 폐경기 여성보다 높다는 진단을 받는다. 단식원 원장은 지금 상태로는 50일을 굶어도 지장이 없다는 냉정한...",https://www.spotvnews.co.kr/news/articleView.html?idxno=800829,55분 전
2026-02-27,naver,당뇨,'피노키오' 등 3700곡 쓴 '거목' 김용년 작곡가...향년 82세로 별세,"지난 2017년 자택 겸 스튜디오에 난 불로 평생 모은 음악 자료를 소실하는 아픔을 겪었으며, 이후 단기 기억 상실증과당뇨등으로 투병해 왔다. 유족으로는 부인 김지원 씨와 아들 동건(배우) · 딸 민지 씨가 있다. 빈소는 삼성서울병원 장례식장 14호실에 마련됐으며, 발인은 28일 오전 7시다.",http://www.starnewsk.com/news/articleView.html?idxno=53469,1시간 전
2026-02-27,naver,고혈압,"아모프렐, 美 심장학회 공식 저널 JACC 등재","한미약품이 세계 최초로 개발한 초저용량 3제 항고혈압제 아모프렐  임상3상 연구결과가 지난 11일 미국심장학회의 공식 저널인 JACC(IF 22.3)'에 게재됐다. 국내 제약사가 개발한고혈압치료제의 3상 임상 연구결과가 JACC에 게재된 것은 이번이 첫 사례로, 이는 아모프렐의 임상적 가치는 물론...",https://www.monews.co.kr/news/articleView.html?idxno=409887,5분 전
2026-02-27,naver,고혈압,한국형 Tolvaptan 치료 지침 정립: 글로벌 표준과 실제 임상의 통찰,"환자에서고혈압이 동반된다<그림 1>. ADPKD 유병률은 국가에 따라 차이를 보이며, 미국에서 1/400-1/1,000, 일본에서 1/4,000로 보고된다. 국내의... [증례 1]고혈압을 동반한 체중 약 100 kg의 37세 남성 환자로, 초기 CT에서 MIC 1E로 진단받아 2023년 6월부터 tolvaptan 복용을 시작했다. 초기 혈청...",https://www.monews.co.kr/news/articleView.html?idxno=409884,33분 전
2026-02-27,naver,고혈압,"﻿한미약품 '아모프렐', 3상 임상 결과 美 심장학회 공식 저널 등재","한미약품이 개발한 초저용량(Ultra-low-dose) 3제 항고혈압제 '아모프렐'의 3상 임상 연구결과가 최근 미국심장학회의 공식 저널인 'JACC(Journal of the... 국내 제약사가 개발한고혈압치료제의 3상 임상 연구결과가 JACC에 게재된 것은 이번이 첫 사례로, 이는 아모프렐의 임상적 가치는 물론...",https://www.medicopharma.co.kr/news/articleView.html?idxno=67238,45분 전
2026-02-27,naver,고혈압,"대봉엘에스, 2025년 매출 1021억…'천억 클럽' 첫 진입","원료의약품 부문에서는고혈압치료제 원료 올메사탄 메독소밀(Olmesartan Medoxomil)의 안정적 수요가 유지됐고, 호흡기 계열 SCMC 원료의 해외 수출이 성과를 보이며 매출 기반을 뒷받침했다. 대봉엘에스는 선택과 집중 전략을 바탕으로 고령친화 소재 및 개량신약 파이프라인을 중심으로 경쟁력 강화도...",http://www.srtimes.kr/news/articleView.html?idxno=197505,1시간 전
2026-02-27,naver,고혈압,"한미 '아모프렐' 3상 임상 결과, 美 심장학회 공식 저널 JACC 등재","한미약품이 세계 최초로 개발한 초저용량(Ultra-low-dose) 3제 항고혈압제 '아모프렐'의 3상 임상 연구결과가 지난 11일 미국심장학회의 공식 저널인... 국내 제약사가 개발한고혈압치료제의 3상 임상 연구결과가 JACC에 게재된 것은 이번이 첫 사례로, 이는 아모프렐의 임상적 가치는 물론...",https://www.kpanews.co.kr/news/articleView.html?idxno=530097,1시간 전
2026-02-27,naver,고혈압,[제약업계 소식] 2월 27일,"■한미 '아모프렐' 3상 임상 결과, 美 심장학회 공식 저널 JACC 등재 한미약품이 세계 최초로 개발한 초저용량(Ultra-low-dose) 3제 항고혈압제 '아모프렐'의... 국내 제약사가 개발한고혈압치료제의 3상 임상 연구결과가 JACC에 게재된 것은 이번이 첫 사례로, 이는 아모프렐의 임상적 가치는 물론 한미약품의...",http://www.doctorstimes.com/news/articleView.html?idxno=236938,1시간 전
2026-02-27,naver,고혈압,한미약품 '아모프렐' 3상 임상 결과 美 심장학회 JACC 등재,"한미약품이 세계 최초로 개발한 초저용량(Ultra-low-dose) 3제 항고혈압제 '아모프렐'의 3상 임상 연구결과가 지난 11일 미국심장학회의 공식 저널인... 국내 제약사가 개발한고혈압치료제의 3상 임상 연구결과가 JACC에 게재된 것은 이번이 첫 사례로, 이는 아모프렐의 임상적 가치는 물론...",http://www.bosa.co.kr/news/articleView.html?idxno=2270780,1시간 전
2026-02-27,naver,고혈압,"한미고혈압제 '아모프렐', 3상 美 심장학회 저널 JACC 등재",한미약품이 세계 최초로 개발한 초저용량(Ultra-low-dose) 3제 항고혈압제 '아모프렐'의 3상 임상 연구결과가 지난 11일 미국심장학회의 공식 저널인... 국내 제약사가 개발한고혈압치료제의 3상 임상 연구결과가 JACC에 게재된 것은 이번이 첫 사례다. 이는 아모프렐의 임상적 가치는 물론...,http://www.medisobizanews.com/news/articleView.html?idxno=135161,1시간 전
2026-02-27,naver,고혈압,"한미약품 '아모프렐' 3상 임상 결과, 美 심장학회 공식 저널 등재","한미약품이 세계 최초로 개발한 초저용량(Ultra-low-dose) 3제 항고혈압제 '아모프렐'의 3상 임상 연구결과가 지난 11일 미국심장학회의 공식 저널인... 국내 제약사가 개발한고혈압치료제의 3상 임상 연구결과가 JACC에 게재된 것은 이번이 첫 사례로, 이는 아모프렐의 임상적 가치는 물론...",https://www.medipana.com/news/articleView.html?idxno=407463,1시간 전
2026-02-27,naver,고혈압,"대봉엘에스, 매출 '1000억 클럽' 첫 진입","원료의약품 부문에서는고혈압치료제 원료 올메사탄 메독소밀(Olmesartan Medoxomil)의 안정적 수요가 유지됐고, 호흡기 계열 SCMC(S-carboxy Methyl Cysteine) 원료의 해외 수출이 성과를 보이며 매출 기반을 뒷받침했다. 대봉엘에스는 선택과 집중 전략을 바탕으로 고령친화 소재 및 개량신약 파이프라인을...",https://www.widedaily.com/news/articleView.html?idxno=289403,1시간 전
2026-02-27,naver,수술,"시지바이오, 태국 '스파인 밋 더 마스터' 성료...최소침습 척추수술노...","척추수술과 골형성 단백질(rhBMP-2)을 기반으로 한 골재생 치료의 최신 임상 적용 사례가 공유됐다. 한국, 태국, 싱가포르, 인도네시아, 말레이시아... 프로그램은 총 세 개의 세션으로 구성됐으며, 첫 번째 세션에서는 '차세대 척추수술의 재정의: 차세대 rhBMP-2 노보시스와 임상 적용 확장'을 주제로...",http://www.press9.kr/news/articleView.html?idxno=72848,1분 전
2026-02-27,naver,수술,"시지바이오, 아시아 의료진과 최소침습 척추수술노하우 공유","척추수술과 골형성 단백질(rhBMP-2)을 기반으로 한 골재생 치료의 최신 임상 적용 사례가 공유됐다. 한국, 태국, 싱가포르, 인도네시아, 말레이시아... 프로그램은 총 세 개의 세션으로 구성됐으며, 첫 번째 세션에서는 '차세대 척추수술의 재정의: 차세대 rhBMP-2 노보시스와 임상 적용 확장'을 주제로...",https://www.medipana.com/news/articleView.html?idxno=407479,3분 전
2026-02-27,google,건강,“너는 나보다 건강하게 늙어라” 자녀에게 추천할 ‘5가지’ 습관,“너는 나보다 건강하게 늙어라” 자녀에게 추천할 ‘5가지’ 습관 조선일보,https://news.google.com/rss/articles/CBMidkFVX3lxTFBWSlN5cEpzb1F2YUxJaExzdWY5LVl6TGYwbUVkUVd1QVpMRkJwREUyQXAtZ0ZCYlNnVmU3LUhIVlQ1M2NxWEZvVWNQRG44c2xjSmgxSVppVi1wQ05obmVQMEluTmFrUkozZ2xtS2FTaGtoNnBrN2c?oc=5,"Wed, 25 Feb 2026 21:22:00 GMT"
2026-02-27,google,건강,"KB국민은행, 시니어 고객 위한 'KB두뇌건강 지킴이' 서비스 오픈","KB국민은행, 시니어 고객 위한 'KB두뇌건강 지킴이' 서비스 오픈 아시아경제",https://news.google.com/rss/articles/CBMiYEFVX3lxTE1DYklnMzNBNmdWRlE4c3diNEZxSk9OOWpGVkRKSjRILTdiV3dqV2NZT1p5OEFZZTdxTld3VXRfTnJTYk85dFVjMmpKWHpYa1hnVU01VlZyLUxrMkdjN0tmZg?oc=5,"Fri, 27 Feb 2026 00:13:00 GMT"
2026-02-27,google,건강,[삼척소식] 정월대보름제 맞아 식중독 예방 점검·건강증진 캠페인 등,[삼척소식] 정월대보름제 맞아 식중독 예방 점검·건강증진 캠페인 등 뉴시스,https://news.google.com/rss/articles/CBMiYEFVX3lxTE1LTVREOWtxWEFfQTRJTjkyLTNaMlRRMGtqSHhLajQyTHR6dTBJVlBXWTRpeEUyZGxTbHVNaG5uZmdXaGIzcGp5bl9SMVc2SzVDeEdtTU42OUNHbFB1dEc0MdIBeEFVX3lxTE9hd3lzX01xUXlDVlUycUUzNndYeHZNQm55X0RYMHFpcnJzQWtDYkh3S0tTb0ZmU0tqWjNrT0xwNUtUcXdpZEFzX0dNelRXN3ZiTkJCLTJOeTBFY1l6R0hKR0NkOFdZNTlZRGgtUWNnSGNlQkhaNGRRUA?oc=5,"Fri, 27 Feb 2026 01:03:45 GMT"
2026-02-27,google,건강,"""체지방률, 폐경기 여성보다 높아""…박서진, 동생 건강 위해 초강수('살림남')","""체지방률, 폐경기 여성보다 높아""…박서진, 동생 건강 위해 초강수('살림남') 조선일보",https://news.google.com/rss/articles/CBMijwFBVV95cUxOR0RpekNUWkZuRzdLanFvZVRQTWUzWUtCRHRkVXVjanJjd3lZejVtTlNQYTNmVXVOdHMzb2s4VW9pejFJUXFqOWdYQ3I0LVlBZjUydGZRb013Qy14emZaR1pNaUJZVXU5MkFteUpyaEVXb2lweExKZGNfVHMyd2tUOGJlbmxPcjcweEtsQzZub9IBowFBVV95cUxQS2JWS3gxSF9qc0F5Q3JLNjdfZ2RYcWpHWHZSR2dHOHFLQlJzVEZHcGFWNUZwekNUOVNCVWctUG9feldTY19yb0ZUNk4tM3p6c3dfcWw4M25nd1k4cEN0OGp2NzRrZlpDTW0zNGJMUDZQQi1mcXd2eFlwS2U5eWRZSkVqQ3FMLUpYV25PT0Vrby1ybVJHMGpmQlNBZGM0amVoV3FB?oc=5,"Fri, 27 Feb 2026 00:42:00 GMT"
2026-02-27,google,건강,[정신건강 사각지대] ① 유명무실 정신질환자 강제입원심사 진술권…단 2건 행사,[정신건강 사각지대] ① 유명무실 정신질환자 강제입원심사 진술권…단 2건 행사 연합뉴스,https://news.google.com/rss/articles/CBMiW0FVX3lxTE1vVnJ2MGVqb0xhQzQwYnhYRzc1QzFkM1ljczd0MkpWTDZodDZhc0YwLVVSZi1oejhzQ09EUGtwY0ZVTkF0OXdxMEc4c2pPOXUwQkdnc1R1LWU5N0nSAWBBVV95cUxOQkpzanRWZU1pcnZDSDBSQTZnd1BqNTBfdy1hUjFXTVA4SE1tMTl3UlNKM0FkNnQ4YTlURjNXUG8xeDhmLXZCQWZGWHpOdGFRNnRrZmlHT3JxUWQ5SGtXN3U?oc=5,"Thu, 26 Feb 2026 21:01:00 GMT"
2026-02-27,google,건강,"송지효, 45년 만에 첫 건강검진…대장 5mm 용종 발견 '화들짝' [마데핫리뷰]","송지효, 45년 만에 첫 건강검진…대장 5mm 용종 발견 '화들짝' [마데핫리뷰] v.daum.net",https://news.google.com/rss/articles/CBMiRkFVX3lxTE5JbW83UHp6MllvT2tWY3haX0w5b0ZvRl92ZEJTU0lFWi1jaW9nVVZwWnN4dHZoMEtlNzVpY3V5bU16by1JOXc?oc=5,"Thu, 26 Feb 2026 09:40:18 GMT"
2026-02-27,google,건강,"'주 5회 공복 음주' 송지효, '반전' 건강 결과…""이상 소견 하나도 없어"" (송지효)","'주 5회 공복 음주' 송지효, '반전' 건강 결과…""이상 소견 하나도 없어"" (송지효) 네이트",https://news.google.com/rss/articles/CBMiU0FVX3lxTE55SWNOaFlCa1U0UlIwMUpFNDFOaFVlR01sWVYwOTdCOVAxR0JSUWt1Wld4WUxySnhnSjVqTnViZTJzZ3ZhSURNNUxMX29EaXMtZ2tz?oc=5,"Thu, 26 Feb 2026 10:52:00 GMT"
2026-02-27,google,건강,"송지효, '44세'에 첫 건강검진도 충격인데…""암 유발인자 용종 발견"" (지효쏭)","송지효, '44세'에 첫 건강검진도 충격인데…""암 유발인자 용종 발견"" (지효쏭) xportsnews.com",https://news.google.com/rss/articles/CBMiVEFVX3lxTE4yUUx6TFBXRlM4OTkxa1g3ekNDWjdteUkwaWh2Q193WTE0bXJGMEtQVGdabTRhcWplUklQWjk0aTdmMEtySDVPV2x4MEJIZEpCSE5zRQ?oc=5,"Thu, 26 Feb 2026 22:34:02 GMT"
2026-02-27,google,건강,"HLB생활건강, 대구한의대와 산학협력 결실…'우수기업상' 수상","HLB생활건강, 대구한의대와 산학협력 결실…'우수기업상' 수상 mt.co.kr",https://news.google.com/rss/articles/CBMiaEFVX3lxTE1Fb0R1ZnE3TEZyQlc5WkJ6aWpEYkQyeVpDejFSVGxDS251WUhUdHJiOF9UWHAzYW1jNThKNHhWN2lmZmhGb2Jzb0puTzJSU1dkWGlBM1ZLQWxfWnE0Q1d2MTl2dWh2VmI2?oc=5,"Fri, 27 Feb 2026 01:11:52 GMT"
2026-02-27,google,건강,"“국민 건강과 의약품 안전 사용에 헌신, 존경하고 감사합니다”","“국민 건강과 의약품 안전 사용에 헌신, 존경하고 감사합니다” 약사공론",https://news.google.com/rss/articles/CBMibEFVX3lxTFBXVl9mcDExZjI1UFpVaGxJSWVpRUZpY1FGNEs5ZUd4WFJVZFVSNk1SWkZ6Z1VnMnRudUp6dkt5MTM1Qm1kam1MMS0xbWFoSEtSbEZVZnJHUGh2Ylp0bzBfUE11VGR5TWpZRTZLWg?oc=5,"Thu, 26 Feb 2026 03:20:52 GMT"
2026-02-27,google,건강,북극곰 운명은… “2030년대에 멸종” vs “어른 곰 더 건강해져”,북극곰 운명은… “2030년대에 멸종” vs “어른 곰 더 건강해져” 동아일보,https://news.google.com/rss/articles/CBMib0FVX3lxTE1vd3h1RThxVFFnQkxTc2R4em83UkpSaUU5eW1RQTZwZkg1UFQ0TjlwdzFuT095N3JKMlNPRUJ0QXIxZHRDRlVwTnpGNklFSUxaVkE0cTdIQzVjMDdQaWFuNERoQVEzaXZhbFozSG9MVdIBZkFVX3lxTE1qcEZoQzBEeGkzaktWR3pROG10eERremNtLVFCSnhHM2l0TS1OLUdfQkNBRXM5ZWJCdW1WY1k3ZEJweGFuWWczQ0NsNTJ0eUJGdU45TzBvdl9ER0pGMHBBOHN1OWt3UQ?oc=5,"Thu, 26 Feb 2026 19:30:00 GMT"
2026-02-27,google,건강,"23년간 청소년 정신건강 챙겨 온 명지병원 김현수 교수, '한재선행상'","23년간 청소년 정신건강 챙겨 온 명지병원 김현수 교수, '한재선행상' 뉴스1",https://news.google.com/rss/articles/CBMiVkFVX3lxTE4wUXh0YmpWZWxlWDBtbzU0Y29hZEJ6SklRSUp4THFZR05FNHZwMndieHNab1Q5Q2pOSUhDaG9rVHk2YXBEU1lxVnBoZnc5RjZUZV8xam1R?oc=5,"Fri, 27 Feb 2026 01:43:10 GMT"
2026-02-27,google,건강,'잇몸 건강' 새로운 건강기능식품 영역 만드나?,'잇몸 건강' 새로운 건강기능식품 영역 만드나? 약사공론,https://news.google.com/rss/articles/CBMibEFVX3lxTE5EaVRONTdNY1JRR2xnZkh0YnZXdVlIVTVRcVVLRkdvNG53b3lNMXh4d0tXUzdiSDc4SDBPR0I1VVhWck5VeXQ4b3hOMVNlSXFWVk9iVzJTNUowMWgtemRxOWQ4VkhaTjYzUTBhLQ?oc=5,"Thu, 26 Feb 2026 20:50:00 GMT"
2026-02-27,google,건강,﻿근로복지공단 인천병원-육군 17사단 ‘건강증진 협력’,﻿근로복지공단 인천병원-육군 17사단 ‘건강증진 협력’ 데일리메디,https://news.google.com/rss/articles/CBMidEFVX3lxTE43UnlqdmxadHdtUWtWM1NHX1BheUFiUHZqa3JEdDhfSWh0d1Z4amJOcGRHTU5Wa29kUm9iRHd4QVp5QmJlTmFkT1JoQkM5SDYzLUZZSXVQaEs2ZVV1UUtqNXdsVkRDSkd5M0RzZjJiUTFWVndn?oc=5,"Fri, 27 Feb 2026 00:35:00 GMT"
2026-02-27,google,건강,"종근당건강, 프로골퍼 장유빈과 스폰서십 재계약","종근당건강, 프로골퍼 장유빈과 스폰서십 재계약 의학신문",https://news.google.com/rss/articles/CBMiaEFVX3lxTE04MUhhWnVMTG5MYVltU1JLdXQwcUEyWkVyN0REU0wxZHJNYkZuSVhCT3M1TlR1WEkyUmlrU3RhSGFRR2NIVFVvZUxablJkUVZwSG5GRlh2bE1pSGYtSEgxVW9ZcmFGbFBM?oc=5,"Fri, 27 Feb 2026 01:01:34 GMT"
2026-02-27,google,건강,"종근당건강, KPGA 장유빈과 스폰서십 재계약 체결","종근당건강, KPGA 장유빈과 스폰서십 재계약 체결 팜뉴스",https://news.google.com/rss/articles/CBMibEFVX3lxTE1pR1EtSndwT2NCTHJ1OTJnNU5ra2JLbDNHQ0huRjVRYTV2SWUybWFYaTE4VW1Rd2NxRUtfTVZ0Z09vV1NoVDdoSVJySmFOS3UzVGtzNGlxdGtyc0ZLQ0ZzNzVrNFNJRGRNOE5XMQ?oc=5,"Fri, 27 Feb 2026 00:23:36 GMT"
2026-02-27,google,건강,"송도건강생활지원센터, 2026년 ‘비타민D 채우고, 건강 더하기’ 참여자 모집","송도건강생활지원센터, 2026년 ‘비타민D 채우고, 건강 더하기’ 참여자 모집 미디어생활",https://news.google.com/rss/articles/CBMib0FVX3lxTE1tdzdYdENyRUdhRGpnc19zc3pENnNHc3ZQQTVxSldxWnpyQkZmaE5NM1pWOWJUd2FGYnFzTTUyMTF0RGFSbXJvTXl5VTFPWE54RVFkV01Qd0F5eWVrLTRtQ0ZUaXNnNmk5M3U5ZEJRZw?oc=5,"Fri, 27 Feb 2026 01:20:30 GMT"
2026-02-27,google,건강,"의정부도시공사, ‘건강친화 기업 인증’ 획득","의정부도시공사, ‘건강친화 기업 인증’ 획득 문화일보",https://news.google.com/rss/articles/CBMiUEFVX3lxTE80bzNoR1Z0dE1nWU5uSnNlNVVmSnppc044elhsWFhQMDkwdTM3am1GMTJ1YjJTM0ZWa2RDVFNlMGZnTExSR2pGakNvRjFVVDZY?oc=5,"Thu, 26 Feb 2026 21:55:20 GMT"
2026-02-27,google,건강,"LG생활건강 더후, IR52 장영실상 기념 ‘더 시크릿 오브 NAD’ 팝업 운영","LG생활건강 더후, IR52 장영실상 기념 ‘더 시크릿 오브 NAD’ 팝업 운영 약업신문",https://news.google.com/rss/articles/CBMid0FVX3lxTE9TM0RFT09EdGY3b0RrSFQzUkhFdDducTRGY1VhQU5DY04xR1VLZjRXb2h5bGxfRTBLRHV0VWFyQ3E2c1ZRUjB3VUM1Rm9Gc0M4d2hrV250R0l1Tm5jZlNiZS0yd1hST0dPdmpXdmdiTXZTNmVGdWM0?oc=5,"Fri, 27 Feb 2026 00:05:00 GMT"
2026-02-27,google,건강,"LG생활건강, 자사주 소각에도 흔들리는 기업가치, 인수 전략 후유증 본격화","LG생활건강, 자사주 소각에도 흔들리는 기업가치, 인수 전략 후유증 본격화 코스인코리아닷컴",https://news.google.com/rss/articles/CBMiY0FVX3lxTE41V3k0RHlpc1owQzJ3UGV1dEFXRnRZbzZwanVvMWRQOXU5OVlBT1cxSHpLTEtYU1BHV3RQejVKYlNxUFZVQmRveGtMcjFyaWZpcHMwUGx3Um5KZEs0OTZDN1I0Yw?oc=5,"Fri, 27 Feb 2026 00:41:08 GMT"
2026-02-27,google,의료,年 300번 넘게 ‘의료쇼핑’땐 본인부담 90% 물린다,年 300번 넘게 ‘의료쇼핑’땐 본인부담 90% 물린다 동아일보,https://news.google.com/rss/articles/CBMidkFVX3lxTE80cEFLOHhOQ1h0TDBYOGwxNGlCV2RfLUxBQ2Voek00QWdXcTRNUExLRXlQeHRmdVBQVzk3My13TXUzNmVuMUFMcDRUR0hybmFKNm44Q09UUGxxRWZZVjlsVDU5b01aNXltMTVrVUVibWt4Q3pUaHfSAWZBVV95cUxQdWhIczRHcHJJaGVZX2xBTV9zSTJZWFhGNmxOLXEtYURwVWhEMUo4MzFzOVBtR2tTVmN0Rk4zQnZmYlA0QlBsU1B6ODUxanYtbXI1ZWFwMk5sb3J6ZXBjRW5YejlTSWc?oc=5,"Wed, 25 Feb 2026 12:06:00 GMT"
2026-02-27,google,의료,사립대의료원협의회장에 윤을식 고려대의료원장 선출,사립대의료원협의회장에 윤을식 고려대의료원장 선출 지디넷코리아,https://news.google.com/rss/articles/CBMiVkFVX3lxTE5ZNjFIdnhTQXN3cEVTaDRUZFAzd2RWNVg4X2syR2gtMmN3U2h2MDhDU3BDZDBiSUZsWFY4Y1RTVzlwY0NIdW5ZUktVVlR5VWZMenpDX1J3?oc=5,"Fri, 27 Feb 2026 01:26:20 GMT"
2026-02-27,google,의료,"과천시·아주대·과천도시공사, 종합의료시설 건립 'MOU'","과천시·아주대·과천도시공사, 종합의료시설 건립 'MOU' 뉴시스",https://news.google.com/rss/articles/CBMiYEFVX3lxTE1JNnNQUC1VNF9faHlKdmJ3Snk3RHNVMDZWRnlqTXJZY2dSLWswRjlPQkVSeUlfYlNBaWVIUUE4dnZpVU9PYXFnNDdZZm15RFdGa0doN2c1WlEyNnNLdzFKRNIBeEFVX3lxTE1uXzRMcnMyTzVFdHF2ajJ0cEt6S09aV0lJOS03M3NtTWotNTRFckxRZUhKOXg3SUppWU9Sa0JiWldSVzZRTDNEZHY0M3ZjVW1fQWdRVXpITGVIcGxuM2MtTmYxSGtyNmx4NENyUEFwSmp6NDJVd25QWA?oc=5,"Thu, 26 Feb 2026 21:56:39 GMT"
2026-02-27,google,의료,권역·지역응급의료센터 ‘지정 인력기준’ 강화,권역·지역응급의료센터 ‘지정 인력기준’ 강화 데일리메디,https://news.google.com/rss/articles/CBMiaEFVX3lxTFBicmhUZF9BMFBYY0tnZlpTeUdPX29xdFhQZXVxNTQycng5Y1h6LWM0cU5aS1k3TmJMTjQ4a0dfckRSY3U0NEY4UFV0OWl0SXdhM1F6RGFRVlBHTEdBTkNRcTdrUnZOSkxf?oc=5,"Thu, 26 Feb 2026 21:35:00 GMT"
2026-02-27,google,의료,기존 어젠다 논의 아니라더니…결국 '재탕'된 의료혁신위,기존 어젠다 논의 아니라더니…결국 '재탕'된 의료혁신위 의협신문,https://news.google.com/rss/articles/CBMickFVX3lxTE0yUFc5SGhVZnEtM0VHQXdJcGRpc3JaMnhyNXVKNUU3VFZiSXNEYzkxaDQ4dThuMEVSY1JKYV9kdmZ4R18xMjk1VlZYSWhjcWk0MzY5bEphSllfVTYtV29Zczd2Z2RuOEV3Vjgya3NreGtydw?oc=5,"Thu, 26 Feb 2026 05:41:48 GMT"
2026-02-27,google,의료,"“의사 2명 중 1명, 의료 AI 활용…영상 판독 최다”","“의사 2명 중 1명, 의료 AI 활용…영상 판독 최다” v.daum.net",https://news.google.com/rss/articles/CBMiT0FVX3lxTFBCS09DcnpFYkg0QmF1eXJCazd1UjJrcVhRUWNmNXhydlpMZDFpOVdleHVlT1VKSEFVUWNLN3A1UnZpMFd3THdGYTdMWElMZlk?oc=5,"Thu, 26 Feb 2026 23:15:25 GMT"
2026-02-27,google,의료,지역·필수의료 공급체계 강화를 위한 현장 간담회 개최,지역·필수의료 공급체계 강화를 위한 현장 간담회 개최 서울Pn,https://news.google.com/rss/articles/CBMiYkFVX3lxTE1TRFJVTlNsMXRFaU1fYkY1ZjBsQmFJSzl0ODJmdGxKNU5keWI5cEZtVWtoMERHelItS3RPWDg1ZG5RN0FzRDJ4aVUxYzhmcHotMjkxWkg5bksyRWxsdUt6eEdn?oc=5,"Fri, 27 Feb 2026 01:07:31 GMT"
2026-02-27,google,의료,"""한방치료 받고 싶어도 갈 곳 없다""…재택의료센터 시범사업, '양방 쏠림' 극심","""한방치료 받고 싶어도 갈 곳 없다""…재택의료센터 시범사업, '양방 쏠림' 극심 경기일보",https://news.google.com/rss/articles/CBMiW0FVX3lxTE4zZlphRDlRMjYwZEI5VHBCS0R3VUFzcTFiUDA0R1poekRwbzNQNkt3bDQxTlFfNGlqV1VPS2VvbmhPR1NYaVhuMWFMQUEteUJkMmN1b2FEOHhSRGM?oc=5,"Thu, 26 Feb 2026 07:59:00 GMT"
2026-02-27,google,의료,"화순전남대병원, 체외진단의료기기 산업화 협력 강화","화순전남대병원, 체외진단의료기기 산업화 협력 강화 아시아경제",https://news.google.com/rss/articles/CBMiYEFVX3lxTFBNendXR1dCX2hHMkppeXdoOVdkQVZtU0lqaDd1dUtPcDJLeFVKdzVWTmZlaXJJZ0g0TUJHWlRPS3ZLOWNJdzlXSF9JMHBxa0pib2stZ0o3TU9td1Q3YU9HZw?oc=5,"Thu, 26 Feb 2026 23:58:00 GMT"
2026-02-27,google,의료,"시화병원, 경기국제의료협회 총회서 2관왕…K-의료 글로벌 선도기관 입지 굳혔다","시화병원, 경기국제의료협회 총회서 2관왕…K-의료 글로벌 선도기관 입지 굳혔다 이투데이",https://news.google.com/rss/articles/CBMiVEFVX3lxTE03LTVWV3QyZjVHaXZNWmxwNE9Hc2M5ckFCRmQ3bFNQU183bURtYnliNk1qN3F1X1pOTFJNN1pYOXdSVTAzaC1tcmdONzcwenZuMWVQbA?oc=5,"Thu, 26 Feb 2026 23:41:00 GMT"
2026-02-27,google,의료,"의료기기안전정보원, 제조·수입업체 맞춤형 상담 정기 운영","의료기기안전정보원, 제조·수입업체 맞춤형 상담 정기 운영 히트뉴스",https://news.google.com/rss/articles/CBMia0FVX3lxTE43WXp3Rko1YlBXSVpDeE03YzIzQnI4cWVCNnBFYWhLLUNfZ0c2TFRSX1hBUENaYVc1b2wzQkx6MENvZHQ4VnRsUk5DY3pVTzVPdHBQVGFjdDNVc29ySlllMmZ0aUhlTmUwZDZR?oc=5,"Thu, 26 Feb 2026 22:57:31 GMT"
2026-02-27,google,의료,"‘응급실 뺑뺑이’ 줄인다…복지부, 응급의료센터 응급실 전문의 늘린다","‘응급실 뺑뺑이’ 줄인다…복지부, 응급의료센터 응급실 전문의 늘린다 중앙일보",https://news.google.com/rss/articles/CBMiVkFVX3lxTE92T0UyeC1Qa2FVVlE1cVhudWNab0dyV01JSTgteC1uNkdZS3VHZlBXZzdmTkNPdW4zSEtNdWdUYnREVjlqZ2l0VXB2SER6OUhhS1B2VkNn?oc=5,"Fri, 27 Feb 2026 01:49:47 GMT"
2026-02-27,google,의료,"한국의료기기안전정보원, ‘매주 목’ 맞춤형 민원상담 서비스 운영","한국의료기기안전정보원, ‘매주 목’ 맞춤형 민원상담 서비스 운영 약업신문",https://news.google.com/rss/articles/CBMid0FVX3lxTE1saTR1UnVnOTljc0VaYlVDTjM1b3ZMa0t0YUdmakRkcFFUVjdDSEdZUWdJVDRnUnQ4aGJWeDlNX0FVd0NSTVFLNmlxdWg2TU1WWXB5bzZLeDFneGRqUldQZUpURmVQekRoV25Vblo3SFU5OUtMcVlv?oc=5,"Fri, 27 Feb 2026 00:09:00 GMT"
2026-02-27,google,의료,응급의료센터 지정 기준 강화…뇌·복부 응급수술 등 진료 역량도 본다,응급의료센터 지정 기준 강화…뇌·복부 응급수술 등 진료 역량도 본다 청년의사,https://news.google.com/rss/articles/CBMicEFVX3lxTFBCUzY3LWZ1YWVsOVhDTjNjNzJjcms2MDEtUkE4TjhYN2RGaEd2STdpblNfT2hlVVRVTk9lRWFkbXhFdUpiX0M3QlRPaUE5aHFKeVpRaGVoV2FaaFVBelo0dy1jV0ZvOWUzNWV3MUlYYVLSAXNBVV95cUxNWFZ3M2toeE14R25HZ0xJN21qakVqU2VBWERMUkNkanR2SjVtVFlXV2NGT256VGRhSzJPQWFrYk5DQTJwVzltXzhQRkVhTlpHOXdGeEV4VkFfUVJRa09ibFpWdjJlUUZRYTU4bzFDcV8yUi1F?oc=5,"Fri, 27 Feb 2026 01:09:04 GMT"
2026-02-27,google,의료,"의사 절반 쓰고 있는 의료 AI 지침은 전무 ""어떻게 써야 하나""","의사 절반 쓰고 있는 의료 AI 지침은 전무 ""어떻게 써야 하나"" 메디칼타임즈",https://news.google.com/rss/articles/CBMicEFVX3lxTE1HZ1ItZjlBZjd3UUh6MGM2dGZ5aEpWRGcxZVFIdDR4RXJCU3RIT19pNjF3UFhqbkxXamxoRW9DLW5rSVREaW4ybFI1cUZjNnBLLW51TDNyYjhKZExZenh1WlZfMVB5aXlPbV9kbnRtWTU?oc=5,"Thu, 26 Feb 2026 20:30:00 GMT"
2026-02-27,google,의료,"[성명서] 10년 만의 종합계획, 과연 의료 장벽 허물 수 있나","[성명서] 10년 만의 종합계획, 과연 의료 장벽 허물 수 있나 미디어생활",https://news.google.com/rss/articles/CBMib0FVX3lxTFBzT1EzcmhzbVM0ZS16RnpxVXJDaF9XZDJDWDhURGlrLVhicllxT3lPUVVmS1VNXzJiWjBYQ2xtSEZEWkN0N2hkTk9QS3JXNS1zNnpmMktXNHZuVXF3MEx6RmJPZURWU1hmZThWZGNhNA?oc=5,"Fri, 27 Feb 2026 00:50:47 GMT"
2026-02-27,google,의료,"의대협, 반년만에 비대위 체제 재돌입","의대협, 반년만에 비대위 체제 재돌입 의학신문",https://news.google.com/rss/articles/CBMiaEFVX3lxTE9FT3NxY1V5TFZjRDl6V1ZQYUl6TFNRWEtYYWNET09BVi0zMmVMdy1vNUJJNTd6T0Jib3JQUV9lRjluQjd6aDdFckREVHIxYWhVR01oVFl6TFdlNmcwcjd5eldieFBqWGcz?oc=5,"Fri, 27 Feb 2026 01:10:52 GMT"
2026-02-27,google,의료,"고려대 안산병원, 경기국제의료협회장 표창 받아","고려대 안산병원, 경기국제의료협회장 표창 받아 병원신문",https://news.google.com/rss/articles/CBMiakFVX3lxTE00OVE5VUI2VDU3Snl6S2hIelJMS2tPRXkxLS0zcHJRc2xwdDJCVWhXVmtZQWVyaW1vYWxuT1B2SVp0dVNzYTY1eXJmTzI4ZjA3OXpqdmk2RTNZOHljejlOazd0ZDFrTTFZUXc?oc=5,"Fri, 27 Feb 2026 00:29:30 GMT"
2026-02-27,google,의료,의료취약지 20% 적정 진료 못 받아…'의료 서비스 질 격차 해소' 최우선 개선 과제,의료취약지 20% 적정 진료 못 받아…'의료 서비스 질 격차 해소' 최우선 개선 과제 MEDI:GATE NEWS,https://news.google.com/rss/articles/CBMiV0FVX3lxTE11U3lhN3RKZUNMR0FVRDZ1M3VTc3ZVc3ZYVzR4RjVyUXN4SXdTS3RydmVUYjI5bEkyVjJuMlhYeWtxZHg3dkRtX0Eza0dmV1Nacm12dWtHVQ?oc=5,"Thu, 26 Feb 2026 10:25:00 GMT"
2026-02-27,google,의료,제약·바이오·의료기기 IPO 5곳 집결…임상·상업화 전환 시험대,제약·바이오·의료기기 IPO 5곳 집결…임상·상업화 전환 시험대 메디파나뉴스,https://news.google.com/rss/articles/CBMia0FVX3lxTE03dkFyai1SQjdJWW9YbVFFeTNuSGw0ZVk1c2pBTU5Pc05sVGtETmVGbGs0YmViSExDa3NFYTB0bDhnOWdjV3I5NUIzNjhWTTlRRi0xdU9ncGRiVF83MnlCZW9Ia2ZDT3B1TDZJ?oc=5,"Thu, 26 Feb 2026 21:02:00 GMT"
2026-02-27,google,질병,"질병관리청 ""코로나19 먹는 치료제, 팍스로비드로 한정""","질병관리청 ""코로나19 먹는 치료제, 팍스로비드로 한정"" YTN 사이언스",https://news.google.com/rss/articles/CBMijAFBVV95cUxOSXVhbUNDdk1LZ3l1V0RERzhhVTk2UXc1QUN3UGJxVnNGdFlqbGVKY3RNUnFpTk9pSzdfX3FwdkdxT1F4cDBRVGlIUVU3aFdUWlNsMlE1NWRaVHd3TllnRnJ2cFhNOVdRLXIycG80ZEpXbXpXV2g4REZxYTN2VVFNVEFHTTc1YW5XQkk3Vg?oc=5,"Thu, 26 Feb 2026 00:00:00 GMT"
2026-02-27,google,질병,"질병청 ""코로나19 먹는 치료제, 팍스로비드로 한정""","질병청 ""코로나19 먹는 치료제, 팍스로비드로 한정"" 연합뉴스",https://news.google.com/rss/articles/CBMiW0FVX3lxTE96NV9DaEdTUTJiZlZoS0JBXzBhMVpKWnZrLXMzNjFTR3B3UDdvWUs4SWhVeWpZeDJ6aGdoZlhWZXF6ZlE5QUVBdERMelFnNWFqS09ma0tGeTZnYkXSAWBBVV95cUxPYnpKSENqU3BEbnhpMFdoSXlTemcwbWtsVnZuQV9FVEVVem5OT3poZEtWeHI0ejc1eXBMM2NieXpiUEQtM1pWVVlXSWwxZGw3MDBlY2hIdGZHMGc2N2xOekQ?oc=5,"Thu, 26 Feb 2026 00:22:18 GMT"
2026-02-27,google,질병,"질병청, '한국형 만성 코로나19증후군' 진료지침 공개","질병청, '한국형 만성 코로나19증후군' 진료지침 공개 뉴스1",https://news.google.com/rss/articles/CBMiUkFVX3lxTE1tR0RBVXF6S1QyOFNmZGdqQnpCM1I4X05oQktnUFlkNDVYa21HcVdqMWJtSjgwSVRSaWczS2NxUW5uUmxkY2w2UkRrNm9wSHNDamc?oc=5,"Thu, 26 Feb 2026 00:50:45 GMT"
2026-02-27,google,질병,"경기도, '돼지 질병 예방·생산성 강화' 목표 전담팀 구성","경기도, '돼지 질병 예방·생산성 강화' 목표 전담팀 구성 연합뉴스",https://news.google.com/rss/articles/CBMiW0FVX3lxTE4wRi0tVzlETDdKal92alpNYW5SRnFRMkpxemZhMndrWmdpLWtvaWoxekh6UmtPMEkwZ3htQkZ0cjJuZUpaamZDU09OeVZKWjVKWGNnbkFRVFAzUknSAWBBVV95cUxNdzdEVExWN3Q2emVFSmpDMENNY3lKR3g5eVgyUzJNUG8yNlg5YzNYSUE4eFdUWjNjVFg0TGU5X2tiX3ROQjNEYUZKT2NjQV9GYkdoQ2N5LTBqSEcwR2dSMVE?oc=5,"Thu, 26 Feb 2026 00:00:18 GMT"
2026-02-27,google,질병,[돼지와사람] [초록] 음수 또는 사료를 통한 자연 섭취 시 ASF 바이러스의 감염 용량,[돼지와사람] [초록] 음수 또는 사료를 통한 자연 섭취 시 ASF 바이러스의 감염 용량 pigpeople.net,https://news.google.com/rss/articles/CBMiYkFVX3lxTE5jcEZyVURZVS13WlljZlRwWXFrZlh4aDUwRmlXeEdpeUZQSHhlWXBhNzVnNTNISUJpQkt6b29Kc1R3WVRtRktNN242Zm9fTFJLdUdISTRUSHdnYl9kelMwYmtR?oc=5,"Tue, 24 Feb 2026 14:46:36 GMT"
2026-02-27,google,질병,"윤준병 의원, “쌀값 안정·가축질병 대응... 농민 생존권 직결된 민생 현안” 논의","윤준병 의원, “쌀값 안정·가축질병 대응... 농민 생존권 직결된 민생 현안” 논의 프레시안",https://news.google.com/rss/articles/CBMia0FVX3lxTE9PYWVjQ0QwaTExU0lqancwYmdBSzZPMFlPVW5UeUxGMFp3Q0poZnJMc2tZOW1MN2QtVzk0cTg3RE9iclZ1d1lXZlRzMFZTNGZ2WFBERUVJRU9Od2F1X1RVMU9TU0hfa043MXc4?oc=5,"Thu, 26 Feb 2026 13:09:46 GMT"
2026-02-27,google,질병,“‘불법 문신’ 함부로 받지 말라”…‘이 질병 위험’ 긴급경고 발령,“‘불법 문신’ 함부로 받지 말라”…‘이 질병 위험’ 긴급경고 발령 v.daum.net,https://news.google.com/rss/articles/CBMiT0FVX3lxTFBxVVU2S0UxUXNLNGdCTmZKVFhlVTZFaXZRWndoYXRIRWhVSVNXSlZJTmlvcXM3dTRjb3hrZXE0a0ViR1RXdEVJUmgyM2d5aFE?oc=5,"Thu, 26 Feb 2026 10:00:44 GMT"
2026-02-27,google,질병,코로나19 백신에 곰팡이・머리카락이요? 질병청이 쏘아올린 ‘이물질’ 백신 논란 🏥💦,코로나19 백신에 곰팡이・머리카락이요? 질병청이 쏘아올린 ‘이물질’ 백신 논란 🏥💦 뉴닉,https://news.google.com/rss/articles/CBMiU0FVX3lxTFBwWDNXT09fTUFLTXVGc3M2UG1ydDdpVGlTWkp0V3M1cXBMX3BIdXUtanlVdkJGaTh5Y2dYeWpoY3NZWWw5cTZuekpVZkVMS3ltRTdz?oc=5,"Tue, 24 Feb 2026 08:21:55 GMT"
2026-02-27,google,질병,"만성 코로나 후유증, 9개 증상서 13점 넘으면 판정","만성 코로나 후유증, 9개 증상서 13점 넘으면 판정 뉴시스",https://news.google.com/rss/articles/CBMiYEFVX3lxTE1vTDExc0kwYm5vSDZEcVZyUVVwVjg3RHpXWXRMSU01emIxbW4zZjZqTTBlUXc3Z0VaOVNHbFBEZ1VaR2RMck9nSHhCZjF4c2h0S3psS3p3cDRUSWlDZVdTQtIBeEFVX3lxTE5tZEtZb0xYZ29nUURlQ2xVRXN6MmNtekR0LUppcGNLLUtFcHJjLW1JSURHeHNGNWZmUHA0V1hUeWliZG5MUUlWenIza1BPRlphY0tNcWQ1S0ZXQ0JlTDB5eDU4TFAyLTlvMExXSnNqdXdIcWZsZFk5UQ?oc=5,"Thu, 26 Feb 2026 00:28:11 GMT"
2026-02-27,google,질병,'질병 극복·생산성 향상' K-양돈 도약… 제25회 양돈기술세미나,'질병 극복·생산성 향상' K-양돈 도약… 제25회 양돈기술세미나 한돈뉴스,https://news.google.com/rss/articles/CBMiaEFVX3lxTE4zZXZwSHF4bGFudVBRMzljQjk1OG9uemZWUTNqRkg2eHMxYzdEN2VXd3Q0WFlsaW9XYVhFbVVqM19xU2J0RW5MeHNMQ1JHSVgzOXZZejNYTll4VmU2Uk01VTBqalg5aV9Z0gFsQVVfeXFMTkdOS3lMUVQ0X3VlZDlkMWM0NWRnVkFqLUIzQ1FHcVd4R3dNX2ZwS05CZHRaVXBFZ1dKRGRWM3Nvbm05RFhoYkJpcXlxQ0hDUFA3N3VLUU9uMExEQXR0aUNDRUhNdUNxbkswR3lT?oc=5,"Thu, 26 Feb 2026 20:42:00 GMT"
2026-02-27,google,질병,"포토뉴스 - 임승관 질병관리청장, 설 앞두고 노숙인재활시설 현장방문","포토뉴스 - 임승관 질병관리청장, 설 앞두고 노숙인재활시설 현장방문 질병관리청",https://news.google.com/rss/articles/CBMieEFVX3lxTFBuZ0ZNd0dHQmk3aGJFWUU5UXVFRUJBcFR3MWtQT0lBV3B2ZnJtSjMwRVNYUzNGV0FNZzZrMVBPSDI0WnpQQjhqOTNFX0FHc2ZvUkpNdVh3QW16bGlqNWJHdVZYcmVJcGJOeWVaQmRyYVp4NFF0UVAtUA?oc=5,"Wed, 25 Feb 2026 05:59:12 GMT"
2026-02-27,google,질병,2월 3주차 질병·건강 키워드 '응급실·노로바이러스' - 카드/한컷 | 멀티미디어,2월 3주차 질병·건강 키워드 '응급실·노로바이러스' - 카드/한컷 | 멀티미디어 대한민국 정책브리핑,https://news.google.com/rss/articles/CBMibkFVX3lxTE9RSjByaWE3N3NIdlRPRXBWQ21QeWF2WVh1bXpuMzFTY2VYT2N2TWItZTRndjJ4eEQzX3ZpYWNiR3I5UW5DUWEwRTVLYzFEdk9sUkViWUJvbV9mMVp1bndqa3ktUDZYYU5DUGM5ZnZn?oc=5,"Tue, 24 Feb 2026 05:02:57 GMT"
2026-02-27,google,질병,이물질 섞인 코로나 백신 접종? 질병청 “사실과 달라...”,이물질 섞인 코로나 백신 접종? 질병청 “사실과 달라...” 코메디닷컴,https://news.google.com/rss/articles/CBMiQkFVX3lxTE5oQ3pEM2h3OGlTOHZLY01JaHVrWXpRY0NJMDl4bHdIbHQxNmJuN01mNXlHTE1GcklWS19IOWNOQ0ZkUQ?oc=5,"Tue, 24 Feb 2026 02:27:00 GMT"
2026-02-27,google,질병,“단순 질병도 불치병으로”…‘항생제 내성 위험수위’,“단순 질병도 불치병으로”…‘항생제 내성 위험수위’ 의학신문,https://news.google.com/rss/articles/CBMiaEFVX3lxTE1EN0hpVG0tbjY1WWI2Sk9pNnZOQ3hjZVNtTmd1dEMzdkQwdE1HZDhNODVHbnZaQ2l2SDB3OWluNjVwazNKSUljRW9qWjVIemZ0cVBHNzlJMWc0eURzTDEydUNzTE1nRk9L?oc=5,"Wed, 25 Feb 2026 21:00:00 GMT"
2026-02-27,google,질병,“코로나 백신에 곰팡이” 신고 방치한 질병청…1420만회분 접종됐다,“코로나 백신에 곰팡이” 신고 방치한 질병청…1420만회분 접종됐다 한겨레,https://news.google.com/rss/articles/CBMidEFVX3lxTFBURmQ1d0hFT3J6MG1DMzRXNlhuMXhXMC1UUHVMWXJIekdqaFEtTWYwVTdIWkxUb19iQzdSSXNwaWw0SGJpN0ZObmRHV2NmV0k2czFDNGc4UGxJS09pUHlMVllJZy1US3JmS21Md1NlenZwMmxy?oc=5,"Mon, 23 Feb 2026 13:14:00 GMT"
2026-02-27,google,질병,고양시 한우농가서 두 번째 구제역 발생,고양시 한우농가서 두 번째 구제역 발생 일간경기,https://news.google.com/rss/articles/CBMiaEFVX3lxTE5ULV94cHFQRWhhU0p4aWxVTm50RVVpMzVPVndlZ3J6QXN6TUJ3SVA5bTY2NnZvbnBnOW54N3lKQmJxX2VhNzA0U2ZEeUpteXpaZEZBcXMwdDZ4aExWazkzMl9abndRMVdN?oc=5,"Fri, 27 Feb 2026 01:41:57 GMT"
2026-02-27,google,질병,"모든 질병 유전자 다 잡는다... 올릭스, siRNA 원천기술로 글로벌 공략","모든 질병 유전자 다 잡는다... 올릭스, siRNA 원천기술로 글로벌 공략 핀포인트뉴스",https://news.google.com/rss/articles/CBMic0FVX3lxTFBhQUgzY2d3cDJnZ3lqMldDTE9VZEtrYlQ5WHpuemxwOFRHdFhJejFtYXozVmRKb0tVeFpRZ2JvTXc2OGZkQWVvT2ZVQ1lkTDRPTm1qcFpQTjdkbXFsTFl3dW1fV2ZkUjlpbGJvM0NZNDhpUknSAXdBVV95cUxOUzMzS1FyaExKTGpOMnI1ZjNIR0t2dUhCQXFGWWMwZEdRanZPZFFMd3p4MkRQcnFucDFPNkt2eWJJT1RvV1I1NTRwU2JjZUhPM3hDTVB6eFRzOXNKcldycVNMRnF0Zm95RGQya0JNUVRHZTBNRTVaYw?oc=5,"Fri, 27 Feb 2026 01:21:14 GMT"
2026-02-27,google,질병,몽족 의사 부부가 외딴 국경 지역에서 묵묵히 '질병의 문을 지키고' 있습니다.,몽족 의사 부부가 외딴 국경 지역에서 묵묵히 '질병의 문을 지키고' 있습니다. Vietnam.vn,https://news.google.com/rss/articles/CBMimwFBVV95cUxOTmNDMHB2djBpeExxM2g5aHgwTEN5alNiNkl5UkJaUVFubUFIV3k0eDNqQzgyMWpIeGo3eWZXQWJHV2hVLXZkQ2tkRHJmNkR5UWZiZHRHcVNud1pCTFN6X1o0dVFTNTJNY25uQkU1ZVNXOHEyXzVoT3NGcktSNUpJc2JqTXBUWVpoOHpUdmU2SDVPdzVHNjhQS3pYaw?oc=5,"Fri, 27 Feb 2026 01:28:16 GMT"
2026-02-27,google,질병,[새로 나온 책] 질병 치유를 위한 40일 묵상 기도,[새로 나온 책] 질병 치유를 위한 40일 묵상 기도 국민일보,https://news.google.com/rss/articles/CBMiZ0FVX3lxTE1BaF85ajV0My0xd0t4ZllDLWFEVFYzamppc3RxZzBVM1c2dVpqUlIySGJVOW9ITzhaSWtod3haZTRKemc5OUdjLXBTMmxydXhDazBMQ2V5Vl90TEFKVXdna1JOZUNKWTDSAWxBVV95cUxPRTNtVzZLa1JIM0JIVHpLU3JLNjQxeUlXaXFHUVJNTEpFTUotTGNHUE1kRHhEdE12UnZEdGl1Mjk3c09xMW9pUUgxVUtQMVpCd0ZJYTJ3Y3hYNFBkcEtwN3l4eHAySW1GUnR5SHA?oc=5,"Thu, 26 Feb 2026 18:08:00 GMT"
2026-02-27,google,치료,"""기존 약에 다른 약 더하니…재발 난소암 치료효과 향상""","""기존 약에 다른 약 더하니…재발 난소암 치료효과 향상"" 뉴시스",https://news.google.com/rss/articles/CBMiYEFVX3lxTE1fOTc2MEJpX1lkT3JqTUVMSlVwcE94X21jOGhDbU5UUHkyRnlNOVBLOW8xYVZVNzgxNFFQU3RKVW14QUJZajJZOVNpM2d1S1JaWkREcmczZWttajZlVGJ2Sw?oc=5,"Fri, 27 Feb 2026 00:48:58 GMT"
2026-02-27,google,치료,"기존 약에 다른 약 더했더니…재발한 난소암, 치료 효과 향상","기존 약에 다른 약 더했더니…재발한 난소암, 치료 효과 향상 뉴스1",https://news.google.com/rss/articles/CBMiXEFVX3lxTFBMUW5HTmpRMlBtaEprWWRzNFdzU2NlWXV2RWpiVGpYbnVLODRvWTA3QjZkZjZ3R2ptNU5hOV9iTkYxMW5ZU3JOSDVpdEpaTDdWZVRSTVkzNmQ3MEZQ?oc=5,"Fri, 27 Feb 2026 01:06:19 GMT"
2026-02-27,google,치료,"기존 약에 다른 약 더하자…재발한 난소암, 치료 효과 향상","기존 약에 다른 약 더하자…재발한 난소암, 치료 효과 향상 아시아경제",https://news.google.com/rss/articles/CBMiYEFVX3lxTE1DTkZTdjJ6cm5IOTFKamdfSVg4YlNLeUpaT1lhemNhdS1XclhzMzluZVRQUDhZcy1OeHYyUGN1S3k1cUo1cjZJa0dTbGpmN2RqSlF1MnB0M3B0ZzVNMjZUZA?oc=5,"Fri, 27 Feb 2026 00:30:00 GMT"
2026-02-27,google,치료,"다원메닥스, 교모세포종 대상 임상 2상 환자 치료·등록 완료","다원메닥스, 교모세포종 대상 임상 2상 환자 치료·등록 완료 마켓인",https://news.google.com/rss/articles/CBMic0FVX3lxTFBzQzFaZUNFM0MxSllTaVZOX0ZOa0k0dFNSd0FadHNMeHhDRFlpVmhmLTBJeTZfN0cwd3ZjR3dScTRMcGxndlY2ODlLbnNqWHB6YVlaNXFYaXBmWE9MUlAtMGV4VFdfYUVTUzZIb1RBbGs4aFE?oc=5,"Thu, 26 Feb 2026 23:28:45 GMT"
2026-02-27,google,치료,"DGIST, 항우울제 '치료 지연' 원인 규명","DGIST, 항우울제 '치료 지연' 원인 규명 YTN 사이언스",https://news.google.com/rss/articles/CBMijAFBVV95cUxOOE1fU2lPRjZ3VTBvSkIzVnpIWU1Sc2gtMlotMWw3bkQxS2c4MVBtVFdhQjA5dUNfZWlSVDJCdU54T1RnT29RaTNqYThyemtvVl9HeTFmSDZLNVVOaU1xcFVwNGs3bzBjVjNuY1FuQ3JwTVV4cXRkaGJGTW1rMzExakVXUFF1LW9SYnFuaA?oc=5,"Thu, 26 Feb 2026 00:00:00 GMT"
2026-02-27,google,치료,"""우울증 약, 왜 몇 주 지나야 듣나""…DGIST, 치료 지연 원인 밝혔다[과학을읽다]","""우울증 약, 왜 몇 주 지나야 듣나""…DGIST, 치료 지연 원인 밝혔다[과학을읽다] v.daum.net",https://news.google.com/rss/articles/CBMiT0FVX3lxTFBsTzRUR01oVVF6aUFXWTBsLUVzUUZUWC1rVTJaSnlOTk9fSjlfcnl0TmNiUjNLVE9fT05qdEN2d1FaMDlfaHZsUzZvbjUzVVk?oc=5,"Thu, 26 Feb 2026 01:53:24 GMT"
2026-02-27,google,치료,"DGIST 오용석 교수팀, 항우울제 ‘치료 지연’ 원인 세계 최초 규명","DGIST 오용석 교수팀, 항우울제 ‘치료 지연’ 원인 세계 최초 규명 뉴데일리 대구경북",https://news.google.com/rss/articles/CBMiekFVX3lxTE9aZ0lyZTd5Q3pWa0U5VldrZlJHem5LSVNwc0xVT3dzcGU4bldKdTMyLXhGQ29jNnJUVXhoS05QYnpiaXhZUHhUYldWeFBBWl9ULThIeG9PbkRlSzJLNGdJLU9XU3l6bzM3ZkpNcm5JUWNDTWtwNTRsZTJn?oc=5,"Thu, 26 Feb 2026 13:18:19 GMT"
2026-02-27,google,치료,"꿀·과일 고당식만 먹어도 끄떡없는 새, 당뇨 치료 실마리 될까","꿀·과일 고당식만 먹어도 끄떡없는 새, 당뇨 치료 실마리 될까 v.daum.net",https://news.google.com/rss/articles/CBMiT0FVX3lxTE9sMFo5UmlBMzlPOHo4ZGdJRlhqMDhaNmpleGtMZGVuVmFNN0o3ay1SSU9mZ2QwZVh2dldpUGJkc2l1c244QzItSUx0Si1oWlE?oc=5,"Thu, 26 Feb 2026 20:01:42 GMT"
2026-02-27,google,치료,"식약처, 치료 목적 임상약 비용 산정기준 마련","식약처, 치료 목적 임상약 비용 산정기준 마련 연합뉴스",https://news.google.com/rss/articles/CBMiW0FVX3lxTE5RODZ3c0ZoMG04VlBCY25OWU1zUWR0VTdrYnhnVDNmNWZBM0R0ejcweWp3ZGd3NS1XZndZZTJxckNKcTRhd0xJUVBxSkxza2czR1FwMVllakpVMHPSAWBBVV95cUxOSE94V1B3ZUJ0WFJaVVFxSXhDMU5NOWk1bEtocHkxN1NoM0xKX2pSNUx0R3oxLUN2NUVXZzlzdEh4WkVmS2dqbFBFcWRQR1BuYVF5cDVkTEViM0l3UElXOVI?oc=5,"Thu, 26 Feb 2026 00:22:38 GMT"
2026-02-27,google,치료,"임핀지, ‘담도암 1차’ 급여 선점…치료 판도 바뀌나 약품비 압박도 확대 - 조선비즈","임핀지, ‘담도암 1차’ 급여 선점…치료 판도 바뀌나 약품비 압박도 확대 - 조선비즈 Chosunbiz",https://news.google.com/rss/articles/CBMihwFBVV95cUxNQ0ZNSmkyZExEdXU3MFdIbXc5WEV3dUswUll2TF9qMWYteTVzcmR3Y2hXUEpnUHJFWEZvM2FTaVBfbkNleEFRbS11aHNwSFlMOXdJb3ExY3phSnVYLUpBZUwwTDNaQ3cwTFFhd3FQYzJHRU9zZTI1dm5Yc1VhbkFtZ011Qmxpcm_SAZsBQVVfeXFMUF82d0JwQ0tPb09jam1tVGNwTFppSnN1VGhpRmRHSXYtUVdzOGdMelZsY2VKNVRKYlZCME1EMzZtU3d2dFNyc0t4aDEtd2ZqVDBnc1U0ME9yRkp6aDV2X0lhQ2tROEtDaEJWV0x0dGl1UUZsZnlMUDNfNnhxNXFuOVE1bXNZZTJkdkhPRzZnN0lhdXBDU0Q3Y1IxVTQ?oc=5,"Thu, 26 Feb 2026 23:02:00 GMT"
2026-02-27,google,치료,"동물병원 치료, 집에서 이어간다…닥터펫 PBMT 재활 플랫폼 본격화","동물병원 치료, 집에서 이어간다…닥터펫 PBMT 재활 플랫폼 본격화 뉴스1",https://news.google.com/rss/articles/CBMiZEFVX3lxTE5uTG1kMWI4R1h3X2R6QXQ5NFhEYXQ4eDZZbzNfR3BIN0U2Y2xQM1dsWWxINFdFWnhDcnhVU0hBaVVqNEJEcVZnZ1dGYTRGbWpFOFB2OW44Z055Qk9jUWQwQXgwdlk?oc=5,"Thu, 26 Feb 2026 07:05:08 GMT"
2026-02-27,google,치료,"국립부경대 연구팀, 염증성 장질환 치료 위한 차세대 경구 약물전달 기술 개발","국립부경대 연구팀, 염증성 장질환 치료 위한 차세대 경구 약물전달 기술 개발 브릿지경제",https://news.google.com/rss/articles/CBMiWkFVX3lxTE1FRGcwYjdPLTV6aHRnam1GU1M5dHhvcE96cWhKcWNVeEtlUFJPN2xzdHg5RGczd0Nld0Q1RFVtM2pqMTF1ZzhTdVllcFIzZndSOFZheTJsbXZPZw?oc=5,"Thu, 26 Feb 2026 08:45:00 GMT"
2026-02-27,google,치료,[박주연의동물권이야기] 내 동물은 어떤 치료 받았을까,[박주연의동물권이야기] 내 동물은 어떤 치료 받았을까 segye.com,https://news.google.com/rss/articles/CBMiWEFVX3lxTE5hRHRwcHhOSXdXaE05bVIwaXlzR1ZldWowUFctSlREUVM4eTRYWXNwckZKYWw1dkZyR1U2NGtFTkh4bGgwZU5VN0JWbzBoMVk3V0FJbWJNSzfSAVRBVV95cUxOR002eGxQVklvU3RKazlKQUYxMy1HWk45U0hkblNPcTMxQ0pPZElPUXREczc2azQ5ajNiS1BkWXhfUFhEbk5XZnpaQXhPU1c1TllXcjY?oc=5,"Thu, 26 Feb 2026 13:55:54 GMT"
2026-02-27,google,치료,제주 심뇌혈관 치료 강화된다...광역 이어 지역센터도 선정,제주 심뇌혈관 치료 강화된다...광역 이어 지역센터도 선정 제주의소리,https://news.google.com/rss/articles/CBMia0FVX3lxTE1Ha3ZNSWNUbEhuVnN4ZEg1U3VlTHFRZ2gzTF9TYzdxblNxaGFQcHVtbXlqMHdJa29vekZoLUNxZVRWN1F0dE8yT1AxTjdWUXU0amxXa0xyNW5UaXVuVWNXZnl6cTBDckxXS1g4?oc=5,"Thu, 26 Feb 2026 06:09:14 GMT"
2026-02-27,google,치료,﻿서울성모병원 강진형 교수 암 치료 35년 ‘회고록’ 출간,﻿서울성모병원 강진형 교수 암 치료 35년 ‘회고록’ 출간 데일리메디,https://news.google.com/rss/articles/CBMidEFVX3lxTE04RC1GSlFsZFM4dU5yaGtNTXZoYjdITzVzbXIzM3pIUlhSVVBwQ3NiNF9vbWo3R2dEc0JzV2l2M3Zpb1dBLXZ0VkhKbzBHaUQ2cUxQRGIxS1ZZbHFuZk9aN25LUS1ybURLTGtGWk5hM25IRmRM?oc=5,"Fri, 27 Feb 2026 00:56:00 GMT"
2026-02-27,google,치료,"부경대 연구팀, 머리카락 굵기 대장염 치료 약물 전달 기술 개발","부경대 연구팀, 머리카락 굵기 대장염 치료 약물 전달 기술 개발 사이언스타임즈",https://news.google.com/rss/articles/CBMijwFBVV95cUxPUE9oaVpGR0E1MWQzYkFRU3FoY2xic3NSb3JwS1lhMW5DRTZuWXhrMUYtcl9iN1FTZXloYWpoeS1NcnF0U2xxXzh2S2FKTEpZOTI0Z0tldy02VEkyRlFNQ3FRVHRzQzVsVW9JdUQxLXR1cEpreWxpRlBOUzY0cWtuM3hOTDVNUGtINWFweVdQTQ?oc=5,"Thu, 26 Feb 2026 22:02:14 GMT"
2026-02-27,google,치료,"알파타우,두경부암 방사선 치료기술 ‘알파다트’ 일본 시판 허가","알파타우,두경부암 방사선 치료기술 ‘알파다트’ 일본 시판 허가 약업신문",https://news.google.com/rss/articles/CBMiZkFVX3lxTE1iS2tyMWd4ZXJRUUlYVmJuZWxQem9xYlNuNHhDT3ZlbHJfNUl0Q29tbjIySUhRc2dibXlKc1Jxd0hRZmdWVGM1S2JLRHVNN2h4U3FmRGVaU1hpY3owNV9fRmExOENpQQ?oc=5,"Fri, 27 Feb 2026 01:07:00 GMT"
2026-02-27,google,치료,[헬스경향TV] 헬리코박터 제균치료 부작용 대처 ‘이렇게’,[헬스경향TV] 헬리코박터 제균치료 부작용 대처 ‘이렇게’ 헬스경향,https://news.google.com/rss/articles/CBMiakFVX3lxTE5zTVRzaG9oSzlXZkNTWlktRWxhZFNwVUlrbDZQdGNZQ0t2NjFwRHZVZjAtaFA5SXN2OFpjdTR4QUgyYWx3cDhkR2M4NGN1T1JJd1haelF4TkJKWjJ6NXFSRHRKNzc2LW5DWWc?oc=5,"Fri, 27 Feb 2026 00:29:07 GMT"
2026-02-27,google,치료,성공적인 골다공증 치료 핵심전략은 ‘순응도 향상’,성공적인 골다공증 치료 핵심전략은 ‘순응도 향상’ 메디칼업저버,https://news.google.com/rss/articles/CBMia0FVX3lxTE5VQ2E1OHpYYjdWbTRMb0stWTd5V2FqejFBeThEcExlOFVQV3FMbVduUkFzUTdaMWltYUZ2anJudXBLbjJPY3ExcVB6ZnprcVdlbjBHUnhEVWxnZUlzRkZYVURhUWNjbzQxTVdJ?oc=5,"Thu, 26 Feb 2026 23:09:11 GMT"
2026-02-27,google,치료,"조영훈 원장 ""슬립큐 처방해보니...디지털 인지행동치료, 불면증 환자들에게 효과적""","조영훈 원장 ""슬립큐 처방해보니...디지털 인지행동치료, 불면증 환자들에게 효과적"" MEDI:GATE NEWS",https://news.google.com/rss/articles/CBMiV0FVX3lxTE50cG04bFMxOFJiV0ZLX3NabmxrSEpJTVZxRllUSmppS0UwY3N4SHUzbmJEbEVJSUdvM001NFViM0dYdU1iREpPU0Y2UE51X09PYzJRZVRXVQ?oc=5,"Fri, 27 Feb 2026 01:56:00 GMT"
2026-02-27,google,병원,"세계 250위 안에 K병원 16곳… 삼성서울, 처음으로 국내 1위","세계 250위 안에 K병원 16곳… 삼성서울, 처음으로 국내 1위 조선일보",https://news.google.com/rss/articles/CBMijwFBVV95cUxQQ2hyS2dDT3RLOWg4RkFzRnFTNDRidlVob2xOSE9VaXduaDJuaExTWXNzdmtMTlptd0ZKSnZkWVh2Xzl6UHdvZTlSdVJjS3ptMXQtQjd5UDNYanl1Y3V2eGFqdUlkOHcxUFN6dVp4c09BaThteDk1X2FINndvVm5FMkttalhTME41dWZFRW9RSdIBowFBVV95cUxNZVIyQTMzVDVyNXMwMEFCQ2hUaVpTZVE1RmdXZ0J5Wm1IN2IzVWhGNGdvdVlZNEhqbFNYWEpaV2dFMXZHM3R3ZDFwVEhNZVF5LTBrcXVMUndwaFhWUUtDTmtHbExlWC10RTMtRXM3MXgwaGY3V1pCOEpkcWs4M2J3Y2hxcFdsUkNGUWsxY3dXTWpIMTZRTmFEdzRMekVuWHAyWTQ4?oc=5,"Thu, 26 Feb 2026 05:18:51 GMT"
2026-02-27,google,병원,뉴스위크가 뽑은 세계 최고병원…K의료 약진…삼성서울 한국1위,뉴스위크가 뽑은 세계 최고병원…K의료 약진…삼성서울 한국1위 v.daum.net,https://news.google.com/rss/articles/CBMiRkFVX3lxTE9BUjhXYmJYRFdfWjc3MWhmZmI4Yk9YcEJKZ2Zpd1pPSzBpZXNHTlU3aWN0ejc1VHZBWURLSHBaS0s1b0ItMkE?oc=5,"Thu, 26 Feb 2026 08:33:14 GMT"
2026-02-27,google,병원,"삼성서울병원, 뉴스위크 선정 '월드 베스트 병원' 세계 26위","삼성서울병원, 뉴스위크 선정 '월드 베스트 병원' 세계 26위 한국경제",https://news.google.com/rss/articles/CBMiWkFVX3lxTFB5VFZiSE5XaU1rX0lkVFI3Y0hMOFQwejNiWjJUUE1BUmNuWHBwMHc3S2xWejV1R1NwS0ZxcFFidjl6Yk5FOTJHNlUwNUVZNG5wYzdRVGN5MkFwd9IBVEFVX3lxTE5uUlR0QnJXcjVkWUZudHNQUUo1UF9MMVlyanZnUWdqSDI5czBaT0V4b1VrejZ1ekZ6bkV0UnFoVDIzMDFTa1FEdEkxaVdRZ3R3QWY2aw?oc=5,"Thu, 26 Feb 2026 08:56:50 GMT"
2026-02-27,google,병원,"""요양병원 호스피스 불가"" 시범사업 무한반복","""요양병원 호스피스 불가"" 시범사업 무한반복 의료&복지뉴스",https://news.google.com/rss/articles/CBMia0FVX3lxTFBVbUVZYlhGQ0h0TVhrTGFJNDVVN2tVYWlVUV9KeldKY2dBWXF0cnlnWUpzSjl4Z0ZDVVFHd05JdkVSTEJZRHFUU0diQzZRMTJkLUt6RXh2RDctU0V5VnJRbHB5TVpRbGc4MEdr?oc=5,"Tue, 24 Feb 2026 22:54:00 GMT"
2026-02-27,google,병원,"국립보건연구원, 한영 혼합 병원 의무기록 분석 AI 모델 개발","국립보건연구원, 한영 혼합 병원 의무기록 분석 AI 모델 개발 연합뉴스",https://news.google.com/rss/articles/CBMiW0FVX3lxTE9sUFN1blVaa285QURZeEVTczNlOWMxVFY5aTF1aGdOSW1INms1X0FOWEFJb0lyRWdqcGstaHJnUDJSVW1XNzJsdE9TdWZ5b29mblN2SjFLNldEY28?oc=5,"Fri, 27 Feb 2026 00:31:58 GMT"
2026-02-27,google,병원,"서울성모병원 주도, 국내 최대 암병리 AI 데이터 구축","서울성모병원 주도, 국내 최대 암병리 AI 데이터 구축 v.daum.net",https://news.google.com/rss/articles/CBMiT0FVX3lxTE1TNEtYb2xDU09ubnNONExLNkVSZjFPeG5IS3RBQXFlWTRRSjVwcG5GSHJpOWFDUHhQdmtnQ1ROYTM3ejlBMl84NzhlbzZuTGM?oc=5,"Fri, 27 Feb 2026 00:59:04 GMT"
2026-02-27,google,병원,"""최중증 환자는 지정병원으로""...응급실 뺑뺑이 막는다","""최중증 환자는 지정병원으로""...응급실 뺑뺑이 막는다 YTN 사이언스",https://news.google.com/rss/articles/CBMijAFBVV95cUxQVU5TRWtOdG9XR1p1T2I1VlVlT21iMHl5Sl9YZ19LWmh5ZDBHc3FtSmpLSkgxSG55UTl5SlJoU29semV0cXA2WEh1RE9rZUZhOGRIZS02bk1ycnh4NEE3NjJhWDd0NTVhTVlVMlhDZWFFWlpFZFRucURNTm5PaWtmWHJVSURlYzV6Ukp1VA?oc=5,"Thu, 26 Feb 2026 00:00:00 GMT"
2026-02-27,google,병원,응급실 ‘표류’ 없게… 광역상황실이 병원 직접 지정,응급실 ‘표류’ 없게… 광역상황실이 병원 직접 지정 동아일보,https://news.google.com/rss/articles/CBMidkFVX3lxTE5sNjRkY0dtSVFCVlkwTmxpcXZ2OURBS0Y3aThJTGhwcDFpcjRwbnBwNllBNzFnU1JYaVhfNTE1S2xNdlBFdG1SUy1Wb2JJVV9PLU5JYThwN1ROTTdlaG9xeEZBblJ6dk5PUEUwMm02aWRuNWNWWHfSAWZBVV95cUxQSUNhUVRQZGZtN25tbEdSa3pHb0JBX0RReDhYRHJuMWFpSDJITmkzMURUWjAwY0dmazFoY0FDSTJPYV9od1NPQkdYb0VUUW1rY0RZT21Pd0h2WXdQSUJHUzFBaFJaVXc?oc=5,"Wed, 25 Feb 2026 19:30:00 GMT"
2026-02-27,google,병원,[단독] 응급환자 우선수용병원 지정…구급대원 “10분 이내 지정해야”,[단독] 응급환자 우선수용병원 지정…구급대원 “10분 이내 지정해야” KBS 뉴스,https://news.google.com/rss/articles/CBMiW0FVX3lxTE12RGNTaHRlS0FUaWJPeUswdjRYOFhCWXgxei1uVWVldUZXTlJjQ0hPQkxyb3RtUXNOanVNOHhlbUhoT0c1eVVrYkpZLXVPdkQxd2Q4ZWozdDhCRWM?oc=5,"Wed, 25 Feb 2026 07:08:00 GMT"
2026-02-27,google,병원,병원서 찍은 게 아니라니…5000광년 떨어진 우주서 포착한 ‘투명한 두개골’ 비밀은?,병원서 찍은 게 아니라니…5000광년 떨어진 우주서 포착한 ‘투명한 두개골’ 비밀은? 경향신문,https://news.google.com/rss/articles/CBMiWkFVX3lxTE1uUEZEUkNiaWNRR0U0dGJHdjdlOHNUTV91dmRuc3NaWnVheUVBcEVSajlsZHpzc1BscVJZVFFCOXIzSFFuTmk3X25VUUJESFBDYVdteW56S1FjZ9IBX0FVX3lxTFB1aVY1Y1V3YnFEN1ctMlRtVUZRaDMza3VUdTVXd0tNWjJfSW9FZFFSLTFFalIxdFVlc0ZIM05pT2t4bkJlRXVpLW83US1rNkFocDhpaktMSlFLeFlMRDhV?oc=5,"Thu, 26 Feb 2026 02:49:00 GMT"
2026-02-27,google,병원,"아이와 웃으며 추억 '찰칵'…서울대병원, 포토나눔 행사","아이와 웃으며 추억 '찰칵'…서울대병원, 포토나눔 행사 뉴시스",https://news.google.com/rss/articles/CBMiYEFVX3lxTFAydEFWaEY5MFBYb3l1NEZRVFRRX013TlVwdDA4eGk5NEhMXzBvSkRpMEo1REEwaTAxVFl5dnc4U2h0b28yd1NXcTNjRDJIOGpGbDE4eTBqd1AweE9TMGJjNdIBeEFVX3lxTE05bXZIamMwRzBYVi1vWUstZWx5ZjdmVnlyd0ZZb1F2WFNvUXpnYzFEWDVTLUFaZDZscWVWOXcwbVI5cy1PVHdoV0cwUW05VVlqSE92NWhZWER0U2VaQXBKMjlWN0xxSHZ2Ri1JQWlUc3lrTVFYZ0Y0Tw?oc=5,"Thu, 26 Feb 2026 06:24:33 GMT"
2026-02-27,google,병원,분당서울대병원 의약품 입찰 시장 '빼앗길 수 없다',분당서울대병원 의약품 입찰 시장 '빼앗길 수 없다' 의학신문,https://news.google.com/rss/articles/CBMiaEFVX3lxTE5NR2ZMOTdmTGNCVnM0eUVHWEg3Z2FpdzZvVlo1ZVVsSWhuVzNGdU93dWVObmhobGVldDJRYWotMmF0QXhwbjNKdzVHejVzQ0QxVENNM2pMbS12eXF3OGoyc0VZVDIybmZD?oc=5,"Wed, 25 Feb 2026 21:00:00 GMT"
2026-02-27,google,병원,"지역병원도 AI 전환 가속…안중백병원, 대웅제약과 스마트 병동 구축","지역병원도 AI 전환 가속…안중백병원, 대웅제약과 스마트 병동 구축 약사공론",https://news.google.com/rss/articles/CBMibEFVX3lxTE9aTE5vemYwcExUaERxdkhfNVhCWjBOdVNsYlMtbG5lVzlyUFQ2NnFyNjlqdlQ1TV9ZYkQ1ZVVxN3gwUWlPcUVnbUNTWms3bkxqMGxJRFJnWVU2b3BCTklJRGdhUTNYc3hCeDY4aQ?oc=5,"Fri, 27 Feb 2026 01:11:45 GMT"
2026-02-27,google,병원,"﻿병협, ‘세계병원대회’ 초록 연장 접수","﻿병협, ‘세계병원대회’ 초록 연장 접수 데일리메디",https://news.google.com/rss/articles/CBMiaEFVX3lxTE9saDFFMEllOXVlSlcyWDBOWTRJVEU1LXVvMTBMUVI2QjJYWmpEVkdyNEMzaGZNcEF3ZFhXSnByUmM3Q3lZVkNVZ1l5MnZRNzNERXUwZ2VGaFpNT0dqWWg4aWxFMGxTbG1B?oc=5,"Fri, 27 Feb 2026 00:26:00 GMT"
2026-02-27,google,병원,"광주병원 소화기센터, ERCP 3,000례 돌파!","광주병원 소화기센터, ERCP 3,000례 돌파! 의학신문",https://news.google.com/rss/articles/CBMiaEFVX3lxTE1UVGZxQnF1UlpsODdBN2FWdlp4Tm5XdFhrVmxnNGJkbGNjUzlpbTJwdXB2eFg0ZDN5aTFab3FjT3VpS3JuREU0NzQxVzFSQzdUTFF3Y3U2TkM1X1BOWVNUQ1JLamNXR21k?oc=5,"Thu, 26 Feb 2026 20:50:00 GMT"
2026-02-27,google,병원,"이대서울병원 이정무 교수, 제25회 한미수필문학상 ‘장려상’ 수상","이대서울병원 이정무 교수, 제25회 한미수필문학상 ‘장려상’ 수상 메디포뉴스",https://news.google.com/rss/articles/CBMiZEFVX3lxTE54WEg2Tmx4RWRnRDY4d3p1YVJQRDNkVGpVT0xVTjh1dHhNZjZOUnExdGhpNm1uUkJlMzAxVHk0d3dTcmJ1M29JUEd6VHkwWWpoVTZmV1c2RDgzWnRPdjZ4UTVicEQ?oc=5,"Fri, 27 Feb 2026 00:50:55 GMT"
2026-02-27,google,병원,아파도 참아야 했던 이들에 건넨 따뜻한 손길…보라매병원 ‘희망디딤돌’,아파도 참아야 했던 이들에 건넨 따뜻한 손길…보라매병원 ‘희망디딤돌’ 청년의사,https://news.google.com/rss/articles/CBMicEFVX3lxTE5ZT1pxUGZPb3JNdTVLNHVPaU1VMkVoaGpWNENfOUNPcFdYMWRnOHVEb1MweU1La055RGpwalZDdkVfc3EzeURBZHZ6Tm1Pc2M0cFdYejNySUNGV0VvTDFqQmFwcmpCOEw2dWkySzlpeGzSAXNBVV95cUxQSlJwY2xNcVAxUG5rbEpEWUc4ZWFyR1Q0YlZxZEcyb2psRWJUeTc3ZEZzWklJNW1JS1dGcGQ3emtTRHFaNjV1OXFFbWluNmhQM1FQMy0tckoxV284VGJmMkF4TnRlcGh2clM4QTRfX1BHYWhJ?oc=5,"Fri, 27 Feb 2026 01:07:01 GMT"
2026-02-27,google,병원,"병원약사회, 현장 중심 제도 개선 본격화","병원약사회, 현장 중심 제도 개선 본격화 한국의약통신",https://news.google.com/rss/articles/CBMia0FVX3lxTE1vajV4SGRfS0pMZWRZMDBWTlItZUh3SlB0b3ZBWlFxRUtkQk9UdHZqZHNMRHl6X0tRVEZmcDU2Wl8xaDdsa05TdG1BVmp0Zmt3MGtqc0txTFNwNWJWclk4VzNody03aVl6XzUw?oc=5,"Fri, 27 Feb 2026 00:30:23 GMT"
2026-02-27,google,백신,"장동혁 ""李대통령, '오염물 코로나 백신' 정은경 경질해야""","장동혁 ""李대통령, '오염물 코로나 백신' 정은경 경질해야"" 연합뉴스 장동혁 ""이 대통령, '오염물 코로나 백신' 정은경 경질해야"" MBC 뉴스 ‘K-방역 리더’ 정은경, 오염 백신 논란에 책임론 점화 데일리안",https://news.google.com/rss/articles/CBMiW0FVX3lxTE85ZTR0bzRMX0hEWWpxdVFveDYxREpCRlBaaWZObmJkNzNTVTJjdEhwMHhWSG81VlVaS25HR1ZFOFh2d0pTQ3ZLWW5XR2hQRk5iTkNNTVFlSEtSbGPSAWBBVV95cUxQM1JDZjFMTTlWVTV3YTBRM2lJbldkeXVsekJOd1VNMnJCOEVYVXpPaUdxSzZualBranU0aldsR1hvMzBrcW1aQmlSWlZYWWlKUU9hSGpMNmxHTzVqTEI0WGU?oc=5,"Thu, 26 Feb 2026 08:55:16 GMT"
2026-02-27,google,백신,감기·독감·코로나를 한번에…코에 뿌리는 ‘만능 백신’ 개발,감기·독감·코로나를 한번에…코에 뿌리는 ‘만능 백신’ 개발 동아일보,https://news.google.com/rss/articles/CBMib0FVX3lxTE5kR3JxNGJtWHUyZ0FHLURfRjloSnNpNXItVk02R3oxX2toT1Q1RkFkeXpwY1BwTEEwd05iWmpoRldLSmJsNTNYRXQ1bDBsSlhiUDMzOU5LWld6M0ZKYlQwRHZVcDdxRzFFQzhNb0NFWdIBZkFVX3lxTE50UEZmQjNicmlyclZXZjd2emI3M0JCNHBLeUxNT0lnaVJnTEtCYXFDZU13bmRIQ185ZlpRbDhaWUVPWEs2aEtUaUloNEthMlRJS08yLVR3MzlYNXo5Rk4ydm1XVWhXUQ?oc=5,"Wed, 25 Feb 2026 02:46:00 GMT"
2026-02-27,google,백신,"의왕시, 백일해·파상풍·디프테리아 혼합백신(Tdap) 무료 접종","의왕시, 백일해·파상풍·디프테리아 혼합백신(Tdap) 무료 접종 v.daum.net",https://news.google.com/rss/articles/CBMiT0FVX3lxTFA2bmVxczR4UmlmSGVvX0VXMDZnblRUZ2pDcF9QeENaVnd3c1ppN0dZRTJnNl9zdHVFUFUwT0VxT182d3lsMDlsOGdjY19FTTA?oc=5,"Fri, 27 Feb 2026 00:47:50 GMT"
2026-02-27,google,백신,"경산시, 소·염소 구제역 백신 일제접종…3월15일까지","경산시, 소·염소 구제역 백신 일제접종…3월15일까지 뉴시스",https://news.google.com/rss/articles/CBMiYEFVX3lxTFBPZzlURDAtN1ZaaWVtTWdtRGVVMnZZbFoydkJQekJ6bnFkekx1TnV1X0VUZWhKckFPbVpyMDd0ZDh3cFJPRHZKTjEwb1loczRqNWg2Wm9wbkpzZEEzR3htdNIBeEFVX3lxTE1ybjFvSWtRWkptdUJ4WEExSGxWNUV5cGpNdWdhMWF6WUQyMGFjZWpRaXVJckgwZmlmOWZndUtmMkhZUXU1X1BVcnN1TGFQU0JnV3hDd0dRamlZYjBTOTdyV1BtV3o2NHEwbzc0bGVTY1JNRFJrZGRINg?oc=5,"Thu, 26 Feb 2026 06:18:50 GMT"
2026-02-27,google,백신,"동해시, 구제역 확산 차단 위해 백신 일제 접종 ‘조기 실시’","동해시, 구제역 확산 차단 위해 백신 일제 접종 ‘조기 실시’ 아시아경제",https://news.google.com/rss/articles/CBMiYEFVX3lxTE9VSVZDOVdkNHRzdWt3NVpsWDgzQnVZUmNFTmZ3TTdOOVh6cEJGdVl1MVo5MHN3VWt3RVZ0Y3J0dnBwZ3EwU3k0d2RMMEt2R2I3YjFjMXpSVWxweG9VR0Uyaw?oc=5,"Thu, 26 Feb 2026 23:55:00 GMT"
2026-02-27,google,백신,"예산군, 소·염소 구제역 예방백신 3월 15일까지 접종 완료 독려","예산군, 소·염소 구제역 예방백신 3월 15일까지 접종 완료 독려 데일리한국",https://news.google.com/rss/articles/CBMib0FVX3lxTE4tUm1mR2NHNGRVbzZtbERkSGd3N3ZEVGV4YVFpRVgzdzlyTUQzekp4OTRZMHhud2xBMUVoREZkYWRaM1I2c1VKMUpYZ1BGQzAzajFVU1owU1l0c2xHYS1jai1GQ21CV2FuYTBySkc2Z9IBc0FVX3lxTFAyYlZGWWFJdHA0dENOUDRURDRlOG1UQWctZGVkMTg0QXpZanZaV1BETF9UX0phSW9DMEJJTVdaLXdQT0g4MTRYdWd5QzNURW84dFZWb1lwQm1UUDNZR2VtWWxUXzFSMGxMdGI5WV8ySjgyc00?oc=5,"Wed, 25 Feb 2026 23:44:37 GMT"
2026-02-27,google,백신,"의왕시, 임신부·65세 이상 백일해 혼합백신 무료 접종","의왕시, 임신부·65세 이상 백일해 혼합백신 무료 접종 뉴시스",https://news.google.com/rss/articles/CBMiYEFVX3lxTFBQdklRcTgwaVp5MURwb285d004b2ZlUTlybEo4blROb1ZyUjNkdVh3dW9lUW5WZEhlYm1qcU1uQkxRVmxLNlUyT3lUQ2Yyd0FySGhDRGNSV1FPWWgxeEd4StIBeEFVX3lxTE1SRmpkemdEdTZUZTJITXJYd3QtWVZGQ2dhZ2Z1d2NtOHB4dXBLNXJUMWJ2NHZSVVpaTVZYS0pPQWdQdWdma0twY0JkZ0dONFAxQVpUQmFvclhlNk5VdVVXNkZGMG1RTzNQQ3pZcVpsRHBVbG9OajZCdQ?oc=5,"Fri, 27 Feb 2026 01:28:03 GMT"
2026-02-27,google,백신,"[돼지와사람] 중앙백신연구소 ""세계 최고 수준의 ASF 백신 후보주 확보했다""","[돼지와사람] 중앙백신연구소 ""세계 최고 수준의 ASF 백신 후보주 확보했다"" pigpeople.net",https://news.google.com/rss/articles/CBMiYkFVX3lxTE52ellhZ25YaUJUNVIxQ1RqX2hpekhZcEpmdHFwbWUwSGN1RWdmc09zVncwbUdWVWEzdU5yck9QODJYT0hyNlRrYTg5VmlnOFRRaUhkWlN5b0pkTUN3X1hZNmRR?oc=5,"Thu, 26 Feb 2026 15:33:32 GMT"
2026-02-27,google,백신,"중앙백신연구소 ""한국 멧돼지 유래 ASF 생백신으로 글로벌 상용화 추진”","중앙백신연구소 ""한국 멧돼지 유래 ASF 생백신으로 글로벌 상용화 추진” v.daum.net",https://news.google.com/rss/articles/CBMiT0FVX3lxTE5WRFF1MWVjQlZCQWYzZjF5Y1dxXzJvMGViMjhoNjBONldkYU9aSDhBQW1Xb041SXV5ZGl0LXYyZTFya2hoMjg3S0cwU05rZ00?oc=5,"Thu, 26 Feb 2026 00:07:24 GMT"
2026-02-27,google,백신,"중앙백신연구소, 국내 기술 개발 한국 멧돼지 유래 ASF 생백신으로 글로벌 시장 상용화 추진","중앙백신연구소, 국내 기술 개발 한국 멧돼지 유래 ASF 생백신으로 글로벌 시장 상용화 추진 브릿지경제",https://news.google.com/rss/articles/CBMiWkFVX3lxTE9qV0xvcy13dHdJaW5ObmN5SnpRalIzYjNHa2l5VUFfVW1BR0thVFlUMVVFRkRveWxrWjhGUVZVUUpKSjRkdU53UTNVbnRKaGpYVkxaWXdVMlhhUQ?oc=5,"Thu, 26 Feb 2026 06:38:00 GMT"
2026-02-27,google,백신,"SK바이오사이언스·IDT바이오로지카, 유럽 차세대 독감 백신사업 수주","SK바이오사이언스·IDT바이오로지카, 유럽 차세대 독감 백신사업 수주 비즈니스포스트",https://news.google.com/rss/articles/CBMic0FVX3lxTFB6TDVsN0J5TWs4al9GVzF4eENVVEpLMjZWaFk3R0NDSF9XUDFjaHhRc0xyRmZwRE1idGRzVHJvTE0zd1hGRGlnTHZJSTJteTY1VDJEcVRQZVA5TDRnTDVLUlliYUo4UVM0eXNqai1CZlZmM3c?oc=5,"Thu, 26 Feb 2026 01:50:59 GMT"
2026-02-27,google,백신,"SK바이오-IDT ""'패치형 독감 백신' 유럽 프로젝트 수주""","SK바이오-IDT ""'패치형 독감 백신' 유럽 프로젝트 수주"" 뉴시스",https://news.google.com/rss/articles/CBMiYEFVX3lxTE1OeDRuOEJTT3lvazNXSER4QllONXJFOWJuOG40aEstdEV0ZkdGbE9NSlNsMkFockt0dl93cXNBenNnSlF5R2tFbnU2SHM1Y2JlLVNGYjRDS0dOazBxRXFQWNIBeEFVX3lxTE1zbk5JZTZQNGI0UUlrU1V1djM1TzB4VHNGTGZESmRXR1dWVDNCYjhGUC1JNTZiOXplNlFjMi1rOEhKcWpVdHJodldtNDI5aTQ3U2FhRTNPWmhjNXNld1Fzb2IwZm5qRGZBOTZhYjR1T3JjMzlEX29QYw?oc=5,"Wed, 25 Feb 2026 23:58:49 GMT"
2026-02-27,google,백신,"SK바이오사이언스-IDT, 유럽 백신 개발 과제 수주","SK바이오사이언스-IDT, 유럽 백신 개발 과제 수주 조선일보",https://news.google.com/rss/articles/CBMidkFVX3lxTE9QOGltWHVDRGRNRVJlTDBJOFVsLXduVjI1UkVGaUJCVDRFSGxOdWNjdXNIdFZucnZCRHZaR2lxOGE4S1hjc2ExLVBvcmotUnZYVTBLSF9rbUdBQzhTQk12aDBFbUVjNlAwVVlhRkNUaVFkYVd2U1E?oc=5,"Thu, 26 Feb 2026 02:16:00 GMT"
2026-02-27,google,백신,美 국민 84% “홍역 등 백신 안전”…학교 접종 의무도 다수 지지,美 국민 84% “홍역 등 백신 안전”…학교 접종 의무도 다수 지지 글로벌이코노믹,https://news.google.com/rss/articles/CBMihwFBVV95cUxPcGc2RGx2V1Y0ZGZobzYySHZRUXdkSHhoOGg2V3NnNUd6dHNxVjdUZy1RV3JtVk1CZGIzSVp2Mzh1clNFY2NfWTZZa0RodC1feldSVGlWRGRIMUtHT19BaWxsLVhHdUpEUkl3X2dFSnRWRS1iQ3hhdzd5YkdXNHRDWDgxbkZDalk?oc=5,"Wed, 25 Feb 2026 23:03:43 GMT"
2026-02-27,google,백신,"크레오에스지, 글로벌 백신플랫폼 ‘스마젠’ 앞세워 캐나다 TSX 상장 추진","크레오에스지, 글로벌 백신플랫폼 ‘스마젠’ 앞세워 캐나다 TSX 상장 추진 dt.co.kr",https://news.google.com/rss/articles/CBMiTkFVX3lxTE00ME02VUpaY2NUTnFCbVkxYmZUWWl6bXBHdHFLbUYzTktoN2hoZl9wQ2o0TjREeXh1cEs2dnc1MlU2MFNjOWZLMV9NQmRZUQ?oc=5,"Thu, 26 Feb 2026 02:30:41 GMT"
2026-02-27,google,백신,"ECO 동물 건강, 가금류 백신 EU 출시 계획 By Investing.com","ECO 동물 건강, 가금류 백신 EU 출시 계획 By Investing.com Investing.com 한국어",https://news.google.com/rss/articles/CBMicEFVX3lxTE10bTNLSy1JMmktTG1BZWJMbzdoZzNnMkxsVGtHUUhtdHgzZVJCUl8yVElLQlIwanpCNUJyUTlLMHJReHVMM29CRVBsclVaUGJ2dE9JdVpUNTVpRTdCMUlyUVVzU3JwRGJ0czBXWU5xUFE?oc=5,"Thu, 26 Feb 2026 07:26:00 GMT"
2026-02-27,google,백신,국내 분리주 ASF 백신 개발 속도 '빠르면 내년 상용화',국내 분리주 ASF 백신 개발 속도 '빠르면 내년 상용화' 축산신문,https://news.google.com/rss/articles/CBMiaEFVX3lxTE4tQVFVT1NqTGFaT3FoZllqaWdlMGNCQnJBbUwtckY4Vjg1eUJSYXEtbkF5dDZTV1JualdiODVtdUNudVk3UjVQRUQwbHN4NmN2TU85dUMxTVVsY0pieldRTW9HTDE2UEhV?oc=5,"Fri, 27 Feb 2026 00:35:40 GMT"
2026-02-27,google,백신,‘코로나 백신에 이물질’ 신고에도 1420만회분 접종 강행했다,‘코로나 백신에 이물질’ 신고에도 1420만회분 접종 강행했다 조선일보,https://news.google.com/rss/articles/CBMihwFBVV95cUxNMkU1aEpBRWZMS3cyYzhhN0dmaEpFSHRPd3Y3cUNtVlRITHU0MS1mQXV0UmFXbzdJRzBUd2NRR3lGSHl2Z0xPdWt4QkVkZncxRWp2X0oyTi0xZllQV3J4RkVYUzVLNGIxZlBZclRGWjJVY3JqUXE2RHhoMkQ0NURrdWVPd0hMQVnSAZsBQVVfeXFMTzBpR2hQNC1hRk44SmdfSkg0Rmo5SUJfckhYTU9zWG9hcHVYcHpkY0tqQ3J6NkNxRDVyR1c4OXlHc1pLblVkRUdNYm84dW41ZmFwVGRKQ2ljbVpzeWVmZW83dVhTUlkxbXlvV3BTS2JTbE1BVDB6VjFvN2RNSWV2aVk3cUczN2hmYmRIT0daMjRlelBNTXIwejlqb2M?oc=5,"Mon, 23 Feb 2026 05:17:27 GMT"
2026-02-27,google,백신,상반기 구제역 백신 일제접종 실시,상반기 구제역 백신 일제접종 실시 경북매일,https://news.google.com/rss/articles/CBMiWkFVX3lxTE1fX3FxUThIYUFJVUNxZm1ja0hkRHlNS01zUnRlTU5ZZWxtcFByQXFlWUR6anZhOTBRRzJWUU1tN1hXeTFMb3cxSms4LTBsVnlrOTc4dFFrMmRYQQ?oc=5,"Fri, 27 Feb 2026 01:47:00 GMT"
2026-02-27,google,암,대장암 '가짜양성' 잡았다…불필요한 내시경검사 줄여 6억원 절감,대장암 '가짜양성' 잡았다…불필요한 내시경검사 줄여 6억원 절감 v.daum.net 대장암 '가짜양성' 잡았더니… 불필요한 내시경비 6억 줄었다 조선일보 폐암 국가 암검진 대상 확대...대장암 검진엔 대장내시경 도입 YTN 사이언스,https://news.google.com/rss/articles/CBMiT0FVX3lxTE9Ic0xlUXc0MUtZWWNidGw2amdITDFITjQ2Y3hjb25KbWhrakpnV0wyUkV1c2RRMGdrMWsxQUJnRXpqRWRyS3NCeThYWEVyYk0?oc=5,"Thu, 26 Feb 2026 03:01:35 GMT"
2026-02-27,google,암,국산CAR-T ‘림카토' 치료로 고위험 혈액암 환자 완치 첫 확인,국산CAR-T ‘림카토' 치료로 고위험 혈액암 환자 완치 첫 확인 코리아헬스로그,https://news.google.com/rss/articles/CBMickFVX3lxTFA4UlRMVVZOTHFLSU1IRmp2VlQ4ZnBGSnZ2X2pMdHRfSndVejQySWZ6WDUwaFBmd3gtMmItcWJ5T1pqRTVoTU9kSUZraExUb0tzN0VpN25odHBtY24yZEpmZHRGYVU1elJ5NmRUeDlUVFVWQdIBdkFVX3lxTE5MM1Z2YlBiNFBHbzhIeDFhMjhRVERUaU5UOWYyM1NqNDdUZGFuRTNCOUdFV21OMHdrSWdUMTRHeF9vZDFHNXR3WWVhV2lma3RIOFc1SjIwbmdyMU5nN0FEaWI2QWUxNHJzLTlTd1BKSGxNeEh5MlE?oc=5,"Wed, 25 Feb 2026 03:50:15 GMT"
2026-02-27,google,암,'서울성모병원'이 주도…국내 최대 암병리 AI데이터 구축,'서울성모병원'이 주도…국내 최대 암병리 AI데이터 구축 뉴시스,https://news.google.com/rss/articles/CBMiYEFVX3lxTE0yYjRtTjVhZ3dJWHVzc05mYmNoRUdhdHFpX0ItdWpuNWF6d0M2R1pBeFFrVGliZ3RpR05hUXNPa05vN0JHYVhRV01ZUG44MzcwSFpsRHR6TmtDVlZKWUpqadIBeEFVX3lxTE9WbDR0NmlQZGw4UlRKOHJHVlpVU2cxbTdVaF84RGNoX0ljUTNtVmk4UGNhdmgxam81QTFZZDZUNEN6Mi01Q282VDhlaXhCUm5NdjZKN0Q1UHl2a18tSXB4U0tqOGpmOUlRd1lmbVRkVXZzZ3pLS0dXYg?oc=5,"Fri, 27 Feb 2026 00:39:37 GMT"
2026-02-27,google,암,'국내 최대' 16만장 암병리 AI 데이터 구축…서울성모병원 주도,'국내 최대' 16만장 암병리 AI 데이터 구축…서울성모병원 주도 뉴스1,https://news.google.com/rss/articles/CBMiXEFVX3lxTE0yNnVwOThCT1FFZTZnZktoMjRmbEdvVWNqcFoxVG8yNUpsR3FtdldRMTVoQTI2TVplcHZPNHd3LWgwcUY4WHFuT1YyTTQyNFJaTEZiSDBWQjh5alEx?oc=5,"Thu, 26 Feb 2026 23:53:38 GMT"
2026-02-27,google,암,"존슨앤드존슨, 전이성 전립선암 임상 발표…1% 하락 마감","존슨앤드존슨, 전이성 전립선암 임상 발표…1% 하락 마감 마켓인",https://news.google.com/rss/articles/CBMic0FVX3lxTE5EYVUyTFlYbTVYRnRtTTVrZWRzUWtnc2M4QklEMFJkbVF6dnloV2I1SHFwU1hFeUxMNXVqMUVSbDBlZlJQQzk2Yk5YNEtNeU1kVTdEQzhfWjdRWUxDT2t3UmlCZ0EzNUlLSzBqWGM5TTc0ZE0?oc=5,"Thu, 26 Feb 2026 21:03:11 GMT"
2026-02-27,google,암,"셀비온, 美 ASCO-GU서 전립선암 치료제 임상 2상 데이터 공개","셀비온, 美 ASCO-GU서 전립선암 치료제 임상 2상 데이터 공개 이투데이",https://news.google.com/rss/articles/CBMiVEFVX3lxTE9IVHVnVUNGNmxEanlITzVpZG5JUDdIWnJ4Z0NlaFZDbW52Si14bWFqRUdHSXBEUWNJZkVkVnJTVmNaa2lhQmNTQnFvdWkyckplSHVPYQ?oc=5,"Fri, 27 Feb 2026 00:34:00 GMT"
2026-02-27,google,암,"Xofigo, 전립선암 사망 위험 24% 감소 효과 By Investing.com","Xofigo, 전립선암 사망 위험 24% 감소 효과 By Investing.com Investing.com 한국어",https://news.google.com/rss/articles/CBMicEFVX3lxTFAwemkyRWJKMm96V1pTT2M1SXg2MFBRWWg5ektvUmJCOHIzYy1BRklQNlBYdlk5OVBHRTA1WV9ZWWg3TWltcy1lWWt2bGlMYUxFOG1WT21WcHVpNGN4aWhiSmtRdkJTMmltUWdDRGFibE8?oc=5,"Thu, 26 Feb 2026 16:34:00 GMT"
2026-02-27,google,암,"“남편 암 눈치챘던 애견, 이번엔 내 가슴 쿡쿡…유방암 발견”","“남편 암 눈치챘던 애견, 이번엔 내 가슴 쿡쿡…유방암 발견” 동아일보",https://news.google.com/rss/articles/CBMib0FVX3lxTFBQUVNfT1UyMC1MWWhWcjdIWlVFc0p5Z2RLRjh5WjRCTy1zMkxBaWNuWmVsTHlRSEVkOVdDQnRsMG1EQ0o4MlptQnl3SVdDZ3ZnUDJYYzgtbzZlcjBoRW1ESDFRcll0UFU4Ul9vVmkwc9IBZkFVX3lxTE90Mm1QeHV2SmFud0tzal9zSkJwYWQwVEJXMjdBdUp6eHJwbVdfMkVjYnAxX2RCT2ZOWm1KUElYSDA5UEFReTNtWGw1R0MyMEtteFFTMHFaSVV0VmpXdUZndGg0akFCQQ?oc=5,"Thu, 26 Feb 2026 04:50:00 GMT"
2026-02-27,google,암,“찌개에 다 같이 숟가락 넣어 먹는데”…한국인들 ‘이 암’ 위험 특히 높았다,“찌개에 다 같이 숟가락 넣어 먹는데”…한국인들 ‘이 암’ 위험 특히 높았다 sedaily.com,https://news.google.com/rss/articles/CBMiUkFVX3lxTFBoLTdnYU9kTl9GdXpBN0FpbGlJTlVCdk1KLVJCaWxXTkY4QTNvOHIwU2FBMzJ5STlJNmlPYlhJaG9CQkV2MXhQcmZFcERTTlNCaVE?oc=5,"Thu, 26 Feb 2026 21:00:05 GMT"
2026-02-27,google,암,"국립암센터, 다기관 유전체 데이터 표준화 체계로 학술상 수상","국립암센터, 다기관 유전체 데이터 표준화 체계로 학술상 수상 네이트",https://news.google.com/rss/articles/CBMiU0FVX3lxTE5oQm93M0htTDhMQ2lJOWhMWW5FRzNNTDR6Ym9sNTVUa2V3bTVsUFJicHQtVjZUa3BCWjBkdEdNT2hHZ01iSlV2X19Rc1pEeHlBUHVZ?oc=5,"Thu, 26 Feb 2026 23:47:00 GMT"
2026-02-27,google,암,"가천대 길병원, 일본 매기스 센터 방문 암생존자 지원 우수 사례 등 국내 적용","가천대 길병원, 일본 매기스 센터 방문 암생존자 지원 우수 사례 등 국내 적용 내외뉴스통신",https://news.google.com/rss/articles/CBMibEFVX3lxTE41TWpCQ1FyS2lMaVZmWFdrYi05a1ZiUER1VkRYcmNSSVZseTNTeFlwYkdBT1RleHFiOFVEeWc1dzRYUnB3T3JQUEZDSUtSaXl5dTN1QzliWTQzRVNTZzA0QnZsZkljY2pHTjJmNNIBcEFVX3lxTFBzR08ydGg1YVM1V3pLRWlwUFpCRjIxM3IwSlVmVlN5UG1JSExpdWF6d3ZTeTB4Yl9FQ3p4WlhBVkwtdU4ydHF2aElEaFYtdmhLYlotcmIxTDcybExYNWxoelRmbG5qd0pkYmVEb2l2dC0?oc=5,"Thu, 26 Feb 2026 06:22:07 GMT"
2026-02-27,google,암,"""가슴에 코 문지르더니"" 반려견 수상한 행동…30대 부부 암 찾았다","""가슴에 코 문지르더니"" 반려견 수상한 행동…30대 부부 암 찾았다 미주중앙일보",https://news.google.com/rss/articles/CBMiYkFVX3lxTE9fMnlfTXNJNTVEd3lTejFhNGRWck94NThTc1NMdG1JQ0d1WDRKTlRUeXA2SjkzNXBMRVo3N0FMMmNHNDVPRG9LeVM0OUtUTlNLT0ZtRTB0OWtXSEJ0WEFjT0NB?oc=5,"Thu, 26 Feb 2026 02:52:00 GMT"
2026-02-27,google,암,‘대장암의 원인’ 염증을 잡아라… ‘이 색깔’ 채소 먹는 게 도움,‘대장암의 원인’ 염증을 잡아라… ‘이 색깔’ 채소 먹는 게 도움 조선일보,https://news.google.com/rss/articles/CBMidkFVX3lxTE9LQzNSODQ0Mnk1Zm5VRWFKdzdYWkNZd1llaGhmaVNmUTRmT1NzWW5jS28tWnI0WU5FRExDMjNXME5faEZLaF95MzNIbUR5bFJjWjVPblh2MVlJNC1waDZlWWo1MzY1UTlZTVZPaEs5b09iV3FmR0E?oc=5,"Thu, 26 Feb 2026 19:20:00 GMT"
2026-02-27,google,암,[약손+] 절망에서 희망으로 ‘대장암’의 수술적 치료 ⑭대장암 환자 유산균 괜찮을까?,[약손+] 절망에서 희망으로 ‘대장암’의 수술적 치료 ⑭대장암 환자 유산균 괜찮을까? 대구MBC,https://news.google.com/rss/articles/CBMiTEFVX3lxTFBpcmZHZ25td09PUDlBMms3aGtVV25MVFRsZTl4d1pUZFJ3NGY0ZV9tNXJjdTNhWWZQVEpndDZISnJfelJHV1RpVnNPM04?oc=5,"Fri, 27 Feb 2026 01:00:00 GMT"
2026-02-27,google,암,"길병원, 日암 생존자 지원 시설 ‘매기스 센터 도쿄’ 방문","길병원, 日암 생존자 지원 시설 ‘매기스 센터 도쿄’ 방문 메디칼업저버",https://news.google.com/rss/articles/CBMia0FVX3lxTE5ON0J5b3ZNX2RMWmJRMU15RUZFZlRaOXN5RjJ1ZHl2V3BOVjFoRDFiNmptZG1uTFhmUnlJY2NWUnpIcDJhU1RGZk9xNmQyWmhSUmhLREdTcEJQLXE1YzNGdGt6OFBmOUUwTkFR?oc=5,"Thu, 26 Feb 2026 21:01:17 GMT"
2026-02-27,google,당뇨,“12주 만에 당뇨 약 끊었다”… ‘이 음식’ 먹으면 혈당 돌아온다던데,“12주 만에 당뇨 약 끊었다”… ‘이 음식’ 먹으면 혈당 돌아온다던데 조선일보,https://news.google.com/rss/articles/CBMidkFVX3lxTE9kNEhJUEVDcmVGSkRVQmFHVXpQc0xfb3gwT2hCWjAtZDV0LUdJTnhMeWN3d2t3VXZ5VHA0bmFXZVFJT2g4cm53UXhyU2lEc0xTeE5jeUxsT3ZzTE5NWFB2azU2WVFHTFl4Rm43YnR3UllhSFYwWFE?oc=5,"Tue, 24 Feb 2026 01:32:00 GMT"
2026-02-27,google,당뇨,"노보·비브텍스, 먹는 비만·당뇨약 개발 맞손…""3조 규모""","노보·비브텍스, 먹는 비만·당뇨약 개발 맞손…""3조 규모"" 뉴시스",https://news.google.com/rss/articles/CBMiYEFVX3lxTE5FYWNBS2ZtYTR6MzZzUVU4LXdFTlpaLTljUmtHWjJPUjNJU3ZaNXRrQmQxZmtrN1VLVDZSSzNNaWZVSXdMbll0ZzZ3TVNuYXdzRmtuLUgtMmNzUWtzTkFxeNIBeEFVX3lxTFA0eWVQNkhELWtEY250NlI0WDJqSUJnMDA2X21JS1RHTGhyUno2QXpyQjhzT0VBRHVRMmQxUEN1THJNTkxvRVY0ZWh0R0hjaC1CRlJBcC04YW1VTnN1RGpVNlR3ZEc4WkdHdE5nUzhkUGxZUm5RV3hiNg?oc=5,"Fri, 27 Feb 2026 01:45:43 GMT"
2026-02-27,google,당뇨,1형 당뇨 요양비 확대 및 청구 간소화 추진...하반기 본격 시행,1형 당뇨 요양비 확대 및 청구 간소화 추진...하반기 본격 시행 경기일보 1형 당뇨 성인 환자 의료비 부담 준다…하반기 소모품 지원 확대 연합뉴스 1형 당뇨 환자 의료비 부담 줄어든다…연속혈당측정기 지원 확대 한국경제,https://news.google.com/rss/articles/CBMiW0FVX3lxTE5jcFBlN0lwMDRzdWtMcU9pQjVveEhpd0ZzWUVtS0VISWlFcUpRTDBfU1lBWFU5blN4eTVZX1RENVF0UFo1Wml1ZS1WZ3lPb3dJanhuTzB4Wm5velE?oc=5,"Wed, 25 Feb 2026 22:21:00 GMT"
2026-02-27,google,당뇨,"[건강포커스] ""당뇨환자 GLP-1약·건강 생활습관 병행하면 심혈관 위험 감소""","[건강포커스] ""당뇨환자 GLP-1약·건강 생활습관 병행하면 심혈관 위험 감소"" 연합뉴스",https://news.google.com/rss/articles/CBMiW0FVX3lxTE9nOUpiUVdwNGxtTW9hWnVrMXpNbHVrZWxIb1Y2WjVTQXZFclRFQWZhb3V0SDRJSHNuaUlYZ1F5bWhfc2NqSW1mN0RVWkNwblpFc05DbVZ5XzRMb2_SAWBBVV95cUxQaHpaNDd3bG5hMEhyaXZ6ZlZXU0poNVg2VFNaOGRwUkdSd1V4Q0U5MVRfdEF4V1FiSTFieTZ2eW82SmhtcUhhRmRIZXZJLWpjSjJoSmxuUzYzNFRhU0JUVVQ?oc=5,"Thu, 26 Feb 2026 00:00:15 GMT"
2026-02-27,google,당뇨,"삼천당제약, 유럽 10개국 경구용 당뇨·비만 치료제 독점 라이센스 계약 체결","삼천당제약, 유럽 10개국 경구용 당뇨·비만 치료제 독점 라이센스 계약 체결 디지털투데이",https://news.google.com/rss/articles/CBMic0FVX3lxTE10blZQQnBUVEJSTGlhSWFlT0w0WGo2RDhFcmVGWkFFT2h4dVJ5Y0ctU2U1VTlLVDFBWE11TlVZOW84MndwX0RtMC1aNF9KdFpJQ3hSRTNvQVVITGZDRUFVbndYS0FjcjJBRl81d0NmTmxIMzA?oc=5,"Thu, 26 Feb 2026 02:13:00 GMT"
2026-02-27,google,당뇨,"""외식하면 혈당 폭등?""⋯'이 메뉴'면 당뇨 걱정 없이 행복하게 먹는다","""외식하면 혈당 폭등?""⋯'이 메뉴'면 당뇨 걱정 없이 행복하게 먹는다 네이트",https://news.google.com/rss/articles/CBMieEFVX3lxTFBwNFdwQjZNc3hrMHMwTU0wcXphcDJESnpPTVpUTVJjS3Zoa3FyalFqTF92aXplUUNpVUhlMjVFdHIyal9vUXVtSUxvVWpfWnlTbVJyYlBCRWpNaDItRncxWDg0R0FTcG81czg3a2dRMVd6M3lnXzdtYg?oc=5,"Thu, 26 Feb 2026 08:05:00 GMT"
2026-02-27,google,당뇨,조영구 “고지혈증·당뇨 고위험군” 충격…아내도 전 단계 진단(건강한집),조영구 “고지혈증·당뇨 고위험군” 충격…아내도 전 단계 진단(건강한집) 스포츠동아,https://news.google.com/rss/articles/CBMibkFVX3lxTE00TDVYWjJ5a2lidWhodHdtVkVrZE13UmhUbzNlb3dkTk1sdVZPNk1IS2lfdHJ6eVBSVElvaVZydWUwMFl2UU5keUcyQnA0MGNxczQwQWVmMUpjWGliak83RFpJN19WLXdOVWp5SWRB?oc=5,"Wed, 25 Feb 2026 22:06:00 GMT"
2026-02-27,google,당뇨,김해시보건소 ‘당뇨병 자조모임’ 참가자 모집,김해시보건소 ‘당뇨병 자조모임’ 참가자 모집 이뉴스투데이,https://news.google.com/rss/articles/CBMicEFVX3lxTE85bkkwSzNoS0psb0JhS2VCekROY0Nfa3RhZkhOVkVQTzJfZEFoMkNVQmVhWU1KSmpjUzhhUVI3VXh1VjMtaG9KTEZudXdwQkNISHNrcll2cExNcnpWN0tnQURiR3ZVbUE0WHVlSzZORWTSAXRBVV95cUxOcXllU2JyQW5weEg5b2ZzVXNvak1HRzRmTVJXUUZWek9qSHdXMmI4UWR1MGxnQk9Kenh6R1pHTmVqbVRYdUtBM0FaQ0NOS1lNMEF4Z0NHOFU1eEpETWRBdjd3azFjNGRNaklnRUdqXzRZNEZMbg?oc=5,"Thu, 26 Feb 2026 04:55:00 GMT"
2026-02-27,google,당뇨,"삼천당제약, '경구용 당뇨·비만약 제네릭' 유럽 11개국 공급 확보","삼천당제약, '경구용 당뇨·비만약 제네릭' 유럽 11개국 공급 확보 메트로신문",https://news.google.com/rss/articles/CBMiX0FVX3lxTFBWald1T1AzYUlkOGFIaWtvbnVyTVFidXQzR0dza2ZReUxkMzBpbF9BRWRxMzNuWkhoTXBpMzRRSkV5WjNFUzUyQUVDNWhqMm03NnNHbFJvekRTRmUzX3d3?oc=5,"Thu, 26 Feb 2026 05:46:42 GMT"
2026-02-27,google,당뇨,"노보, 차세대 경구용 비만ㆍ당뇨 치료제 개발 제휴","노보, 차세대 경구용 비만ㆍ당뇨 치료제 개발 제휴 약업신문",https://news.google.com/rss/articles/CBMiZkFVX3lxTE9SZnlFLUxpS0o1VDYxT0djcTFkY29qZmMwZURiNV9CcXhMV19CSHJVa2dxSU95Z2JYTTQyM3FYc2hXQ3ZhSGdnSElvbTVTUFI5c1ZDTm03M3NNZVVNQmo1Nzd5RE1mQQ?oc=5,"Thu, 26 Feb 2026 21:01:00 GMT"
2026-02-27,google,당뇨,청소년 당뇨 치료 전략 재편…조기 진단·초기 약물 병행이 성패 가른다,청소년 당뇨 치료 전략 재편…조기 진단·초기 약물 병행이 성패 가른다 메디코파마,https://news.google.com/rss/articles/CBMickFVX3lxTFBZcXYxaG0weFExRDdpMElLb3JfQk5zaWxtZ3p1Wnh1dERnTFZ5S2dVbXotZm1TWHhkYVV1cVNWaVhoMnhpWmxqSkQxYnl1T0QyZW9pZ2xaTGw3S3lVMk5kU2hTcVJLS0xjemM1ZlZnTVJCQQ?oc=5,"Thu, 26 Feb 2026 22:20:00 GMT"
2026-02-27,google,당뇨,[헬스경향TV] 늦깎이 예비 엄마 ‘임신성당뇨병’ 주의보,[헬스경향TV] 늦깎이 예비 엄마 ‘임신성당뇨병’ 주의보 헬스경향,https://news.google.com/rss/articles/CBMiakFVX3lxTE4zd29DWjl1M3VRNG1ZTDZJZm1zSVJjaVFRMTNqYWVMVHIxM1Bqd2JLVmRjNkM1VkVXNGxfOHVkUFRoaTlxdm5NMDVXVG9pRjlMc3hmbVMydW5vaE5Iek9pM05lR3JDU1Q2aVE?oc=5,"Thu, 26 Feb 2026 06:49:00 GMT"
2026-02-27,google,당뇨,김치도 있네...연구로 증명된 혈당 낮추는 데 좋은 식품들,김치도 있네...연구로 증명된 혈당 낮추는 데 좋은 식품들 코메디닷컴,https://news.google.com/rss/articles/CBMiQkFVX3lxTFBielBYMGdGT2xaS2lZRy1OVldFQlcxTXFTQk41WXJkd1pKRWg0VnhXeEw0RGRfRVFmTWV3RzJaUTkwdw?oc=5,"Fri, 27 Feb 2026 00:05:00 GMT"
2026-02-27,google,당뇨,"노보, 비브텍스와 '비만·당뇨 먹는 바이오의약품' 개발 협력","노보, 비브텍스와 '비만·당뇨 먹는 바이오의약품' 개발 협력 히트뉴스",https://news.google.com/rss/articles/CBMia0FVX3lxTE1Ib2ZHbHJ6eGtVTXQ2UDJ5TmJLaHZ3OGFqd2w4dWdPRVpfZGc4V1c2S1VBS25KQV9GbmJpVUlVa3ZsazBGWWwycVpXSHhaODhnbDhmbW5fTmlNWHY1MnZvcFJpN2hyWkhjdEhJ?oc=5,"Wed, 25 Feb 2026 23:17:27 GMT"
2026-02-27,google,당뇨,고지대에서 당뇨병 위험 낮은 이유?… “적혈구 포도당 대사 기전 규명”,고지대에서 당뇨병 위험 낮은 이유?… “적혈구 포도당 대사 기전 규명” 하이닥,https://news.google.com/rss/articles/CBMiakFVX3lxTE40Y2hPX01YeFh2ZklHVVc4TDVLdU11YUJkeVE5bWwxOFVOT1VRbi1xSG1zSmMzSHVtQjcwdEpKU2UwbW1NdE90YklCSVJZSk4tSVN6NWp0b1dmV3FNbDY3ZTVDdFplTXZTbUE?oc=5,"Thu, 26 Feb 2026 03:00:00 GMT"
2026-02-27,google,당뇨,"""고령 당뇨 환자에 대상포진은 매우 위험…효과적 백신 필수""","""고령 당뇨 환자에 대상포진은 매우 위험…효과적 백신 필수"" 메디파나뉴스",https://news.google.com/rss/articles/CBMia0FVX3lxTE5HSDBJd2dPZlJra25XcEpTOWNOMExfRDJWMmxBUGNtWmJBeFliaUd4bHNPUkx0a2kwa1diQ3UwZ244MmJmc0syNmRKQmx4ZUFKTlE3Q3ZOY01QaGJpMms5SmlWZ2tSdnZMVjFz?oc=5,"Mon, 23 Feb 2026 03:00:00 GMT"
2026-02-27,google,당뇨,태안 일가족 비극은 '현실판 슈가'…영화보다 잔혹한 당뇨 전쟁,태안 일가족 비극은 '현실판 슈가'…영화보다 잔혹한 당뇨 전쟁 중앙일보,https://news.google.com/rss/articles/CBMiVkFVX3lxTE1iVHh2TGx2T0VaeFQ5OVZ6RTlwVjk0a2gyenJLRDVHUHd3ZlI0NlZsMFhVUVUwMkRrVURoTHEtM1FaSFhDV1dBS2ROZ0F6M0JmMXVRbU9n?oc=5,"Sun, 22 Feb 2026 20:00:07 GMT"
2026-02-27,google,당뇨,"""1형 당뇨 혈당 체크의 고난, 이제 국가가 함께 짊어진다""","""1형 당뇨 혈당 체크의 고난, 이제 국가가 함께 짊어진다"" 데일리굿뉴스",https://news.google.com/rss/articles/CBMibEFVX3lxTFBQTzlJQkliQTk0cl9zamViamRpTWZpMzZoZXhCakY0cWxocXlVXzZCZG16bUR3RjVoaEJXWFJ3dzdGOGFIejJaSE9OSVpqbTJTN3pkYk11TWpJeEVCX0J5Qks5NHZsS2xjSEY2Xw?oc=5,"Thu, 26 Feb 2026 00:17:42 GMT"
2026-02-27,google,고혈압,"20·30대는 탄산음료 줄이고, 50·60대는 운동해야 고혈압 막는다","20·30대는 탄산음료 줄이고, 50·60대는 운동해야 고혈압 막는다 조선일보",https://news.google.com/rss/articles/CBMidkFVX3lxTE5JQWxOYk4tbXR1ZC1XVXJDN2FrRGFsTkN2ZzNFZTVycDVvbzg3a2N4OF8zb05WeU1aS1JWS0tkVlc2VTZJOFItQTc0MGtZSHRvZmFYNmxOOWIzOG14Mm5nSFN1djRNdDA3QXFMMHdLZ1RqdkhtT2c?oc=5,"Thu, 26 Feb 2026 05:24:00 GMT"
2026-02-27,google,고혈압,"""혈압 조절 안되는 환자에""…제뉴파마, 3제 복합제 출시","""혈압 조절 안되는 환자에""…제뉴파마, 3제 복합제 출시 뉴시스",https://news.google.com/rss/articles/CBMiYEFVX3lxTFBVdjlnYlpyR182ci1OTHlmZHhxSnlKc0czdFluc1JXcUYyQ0tFaThKQ0FPdkU4VkE1Z3N1VnhJYTFUaHpkNFgxanNjZlFGVlV3c0p4TUNac05Oc1dWcGs0S9IBeEFVX3lxTE1fb3JnR0Nab3QyNk1JZ3JVWXlIRU5BUGJpeldpcUt2TElxd3ctLVZMRk5xZURhZnM4OHRCYVU3WkY1M2E5YjlVYWxMcUxURm9sdTB0bzlmejJEX1hWNVhqQ3JBUmd3N2ZuOFczUXpKWW9HekM1LUJnYg?oc=5,"Thu, 26 Feb 2026 08:15:04 GMT"
2026-02-27,google,고혈압,"팔라디아, 온셉 등 반려동물용 신약 속속 허가..예방의학부터 종양·고혈압·당뇨·심장병 치료제까지","팔라디아, 온셉 등 반려동물용 신약 속속 허가..예방의학부터 종양·고혈압·당뇨·심장병 치료제까지 데일리벳",https://news.google.com/rss/articles/CBMickFVX3lxTFBYOFBJMEREbmNseUxHWFRrSzFrN29vN2VxLVB6UDlvRVMyNy1FaDdpZmxyTDN6OHZwNlpCM21mdFlQeFhTVElKQ3RjYWRNbENCbUprVmtKLUdITDFOLUZSbFVDOUlKbGRKbTBUeFVJeUlGUQ?oc=5,"Wed, 25 Feb 2026 23:54:32 GMT"
2026-02-27,google,고혈압,"한미 '아모프렐' 3상 임상 결과, '美 심장학회 공식 저널 JACC' 등재…아모프렐, '국내 제약사 최초 고혈압 치료제 3상 임상 연구결과 JACC' 등재","한미 '아모프렐' 3상 임상 결과, '美 심장학회 공식 저널 JACC' 등재…아모프렐, '국내 제약사 최초 고혈압 치료제 3상 임상 연구결과 JACC' 등재 메디컬헤럴드",https://news.google.com/rss/articles/CBMia0FVX3lxTE9MeUpfRHdnQ3NFbVVfdk45eW9FdmZheDJ4TEhXZ3RWVDNWRFlodUh6Q0U2ckhocTBHSi1FSkgyZ2RZbjEtNE9sTzE5TWFOVTBvc0F5cmFQUFdmSk9OUU5YaC13dkl2WVFOYVZv0gFvQVVfeXFMT2NSQUFzWkMwMS1aZUh2ODBadWluY0pRWkJ3SU9sOGdBdGxBWEN4UWhoQmNwNXUwZmpMYkgxcDdUOU4tU01LYmdBTjJaRjdmdFAzY29SbXhVLTFMTVN4XzFmU0JwV1BzdFBQanY4WW9N?oc=5,"Fri, 27 Feb 2026 00:53:31 GMT"
2026-02-27,google,고혈압,"고혈압 걱정된다면…""식단 관리 이렇게 하세요""","고혈압 걱정된다면…""식단 관리 이렇게 하세요"" v.daum.net",https://news.google.com/rss/articles/CBMiT0FVX3lxTE8td3FBRjNuRERCbUZKM0pRWUtzVmhFVUhRSnJqeDNxWlBfVk81U3h1c210YkxLZW1oVkZjVkd1aGJ4dTQzdXRTV04tQ3pBQWM?oc=5,"Tue, 24 Feb 2026 01:39:10 GMT"
2026-02-27,google,고혈압,"제뉴파마, 3제 고혈압 복합제 '텔로핀셋정' 출시","제뉴파마, 3제 고혈압 복합제 '텔로핀셋정' 출시 네이트",https://news.google.com/rss/articles/CBMiU0FVX3lxTE5JTVdVeTdWQllaeHVIUzhyTFA5VDNRUG5OZjdQcEg3RHRGcTc5cGM5SVhyZFZWeVNZcHVWOVR4Z3ZtZ2t6TjJpZ0FFbFBISFcwOG9R?oc=5,"Thu, 26 Feb 2026 03:37:00 GMT"
2026-02-27,google,고혈압,"제뉴파마, 3제 고혈압 복합제 ‘텔로핀셋정’ 출시","제뉴파마, 3제 고혈압 복합제 ‘텔로핀셋정’ 출시 약사공론",https://news.google.com/rss/articles/CBMibEFVX3lxTE9ycGR0Ul9icGZyRklzVGFYZG5VUmNJaDBrSW9jSmtlcWRCY1RPOU8tdDNfSWItOUJWZ3lLRS1FcjFURmlLeDZRYTZCcG9wLUZ5OGVYbFJzVXBPVjMxX0RQOTQxdUhmdWtOX2lEOA?oc=5,"Thu, 26 Feb 2026 00:52:04 GMT"
2026-02-27,google,고혈압,"제뉴파마, 고혈압 3제 복합제 '텔로핀셋정' 출시","제뉴파마, 고혈압 3제 복합제 '텔로핀셋정' 출시 청년의사",https://news.google.com/rss/articles/CBMicEFVX3lxTE1hUWdmbHA1WDNRbngxU2FTTTRKR3NaWF9tRkQwRHNEQWp0ZWxFcjV3akxLN3pVNlVYR1hnN2s3eEpMV2pxZGlQMWFhUDR2Ti1rUWxiSWRnTW1QRVRuYWlCUmFKcFduLUs4bXRKM3h0Vlo?oc=5,"Thu, 26 Feb 2026 04:55:17 GMT"
2026-02-27,google,고혈압,"[BioS]한미약품, ‘아모프렐’ 3상 美심장학회 저널 JACC 게재","[BioS]한미약품, ‘아모프렐’ 3상 美심장학회 저널 JACC 게재 이투데이",https://news.google.com/rss/articles/CBMidEFVX3lxTE9VZkotblVvX1JmV3poZ0twMUJLeEhQaWtsVkJZVG9rdUpfajM0WVF1ckFqTEw3NGJ5ckswbk0yc1RTWE1aUC1HVXlVMnRNcExOa0hSRm5RMWdmSnFTUDhQd2dXZGtuZ0hUTFhIMlRsTk5tMWxZ?oc=5,"Fri, 27 Feb 2026 01:53:00 GMT"
2026-02-27,google,고혈압,"제뉴파마, 3제 복합 고혈압 신약 출시","제뉴파마, 3제 복합 고혈압 신약 출시 네이트",https://news.google.com/rss/articles/CBMiU0FVX3lxTE9uOVFBQzJkXy1QRkZreXl6R21HdVJ5dVhTTGFWcHliMElpWkNobzRybEh4ZFlVMG5hc19DaFZmMHpOVElCZmYwX1Rta2JJZm1wLUxJ?oc=5,"Thu, 26 Feb 2026 00:11:00 GMT"
2026-02-27,google,고혈압,"한미약품 “아모프렐, 美 심장학회 JACC 등재…고혈압 초기요법 새 패러다임”","한미약품 “아모프렐, 美 심장학회 JACC 등재…고혈압 초기요법 새 패러다임” 더바이오",https://news.google.com/rss/articles/CBMibEFVX3lxTE1odjNBSUpqNWx0Tk5mUnVxM1IxckszU1RYMGd2SExwZFNET0VNbV85a2Q3a3VPVkZjUnBZbGdJd0p3cHQyLXl0RUR5Tm1nYjlxZ19ZZkQ0UndvRDRQY1VkNmJMQS0wbnljS3NCT9IBcEFVX3lxTE5qZDBXYXFkejZwZzM3cTYtYnQ4ZWMzZlRpNWFINkpkYkVhYXVpVUt4REhDdXZGSzF5ZEMxMm93RXQtRmNjc1VLa1h4UjRtVEl1RlA5MlhNZzVIUktLWU5iV2pWLWk2SzczMmRUR1dodnQ?oc=5,"Fri, 27 Feb 2026 00:50:22 GMT"
2026-02-27,google,고혈압,고혈압도 '유전'…발병 위험 2.4배·시기 8년 빨라,고혈압도 '유전'…발병 위험 2.4배·시기 8년 빨라 의협신문,https://news.google.com/rss/articles/CBMickFVX3lxTE0wZ1liSTlDODhCMVBsanF4b1pOeWlMd2hIeVRQNm5DdVdCNEZBanFzZk9YRXhEWVRwbVJ2b08xaEZFOHFORFpkb004QmFJbTBzYWRjdnVsdnpvTjdRV2RBU2FGYnR1RTB1Vkx3TjYyZEN4QQ?oc=5,"Tue, 24 Feb 2026 00:49:31 GMT"
2026-02-27,google,고혈압,"한미약품 '아모프렐', 초저용량 3제 요법 임상 데이터 'JACC' 등재","한미약품 '아모프렐', 초저용량 3제 요법 임상 데이터 'JACC' 등재 팜뉴스",https://news.google.com/rss/articles/CBMibEFVX3lxTE5BTFRxTFhGdlYxWmlxcFdseUtqUlhBYzkzdkphekdJb3VaamdmZ01IWXQ3MllIcUtxS2sxY0ZadmpQT3JmM2p4czFRVjVJTjVKNXFWVjZQOUxNalhfQWJ0RElYTnpqdTFWN191Nw?oc=5,"Fri, 27 Feb 2026 00:25:05 GMT"
2026-02-27,google,고혈압,"'중년층 외식·야식 자제'…식약처, 고혈압 관리 가이드 공개","'중년층 외식·야식 자제'…식약처, 고혈압 관리 가이드 공개 대한민국 정책브리핑",https://news.google.com/rss/articles/CBMibEFVX3lxTE8wa2tNbTR4a0lzWEMwajhuRTUzSFNVcDFYXzZ6aHlRT1VPQzJFdHRmRmMzVEtqdEJXbEo0R0xhU1ZnQ1Q3S2hTOGdVQTlEOWF4SmJpMGlUTTB1d2hmWlhNZlpNOUZFdmlIZTEydQ?oc=5,"Tue, 24 Feb 2026 09:00:18 GMT"
2026-02-27,google,고혈압,“성인 30.7% 고혈압”…청년은 ‘야식’ 중년은 ‘OO’ 줄여야,“성인 30.7% 고혈압”…청년은 ‘야식’ 중년은 ‘OO’ 줄여야 농민신문,https://news.google.com/rss/articles/CBMiWkFVX3lxTE1TdlVpNmNHQWZpSlpGM3dfS3RXSGNGazRrbTctSklBZWJEbjU2OTYwN1hYWWlBaHJETWp1YmNRZ25XazcxVHczOEp4b1hiYTlyTUNZd2ZvcER3Zw?oc=5,"Tue, 24 Feb 2026 02:05:00 GMT"
2026-02-27,google,고혈압,"GSK, 35파마 9.5억弗 인수..""액티빈 저해제 확보""","GSK, 35파마 9.5억弗 인수..""액티빈 저해제 확보"" 바이오스펙테이터",https://news.google.com/rss/articles/CBMiV0FVX3lxTE5TZ0hLQlBYaVRNc1ZZWV9OUWU1SWl0Y1E1MjF2N1ZqNHJVcnRxOE4wSTJHSThfX013NkJJSUdQRU9ycVczbkdjaWJPNUdiVjFEUGs5S0FKVQ?oc=5,"Fri, 27 Feb 2026 00:25:00 GMT"
2026-02-27,google,고혈압,성인 ‘고혈압’ 비상…세대별 맞춤 식사법은?,성인 ‘고혈압’ 비상…세대별 맞춤 식사법은? 헬스경향,https://news.google.com/rss/articles/CBMiakFVX3lxTE5sNVZIYkhjZjBvWkM3OURTWFRqNXZabzNfZ3FFS1FPbzBfM3dRTHJIUjJ3NzZDMk43eS10M0V6Qm1DY2pWR3pfZnhYalM4SVRLNWQwbWR4TEpWdXUyaUZPbzBFVkIxVXVHdEE?oc=5,"Tue, 24 Feb 2026 02:44:17 GMT"
2026-02-27,google,고혈압,폐동맥 고혈압 환자 조기 진단 촉진·공평한 치료 접근성 확보 촉구,폐동맥 고혈압 환자 조기 진단 촉진·공평한 치료 접근성 확보 촉구 팍스메디컬뉴스,https://news.google.com/rss/articles/CBMicEFVX3lxTE10UmVXZ1ZRQWZBNDJrY3pIN2VYUHlwTjhUbGZ0UnZZTENEYWo3ZF9sRWlXT1N5NUVReTc5dzlsT1RfYXNCTE5MZ0lZZFpsVjRTRGlMNEt6ZEVQR2x3REl1Mk5EeGx5eUF3dThWSmJic3g?oc=5,"Thu, 26 Feb 2026 13:26:38 GMT"
2026-02-27,google,고혈압,증상 거의 없는 '이 질환'…반드시 알아야 할 위험 신호,증상 거의 없는 '이 질환'…반드시 알아야 할 위험 신호 뉴시스,https://news.google.com/rss/articles/CBMiYEFVX3lxTFBrS2dBdEZSU0FNNUNta1JPclZxWGNwdjlxVVJGRGNPcE16OXRLODlsMFJZZ3Q2OE1JejFmM0l4dzB5ZnJCbkJub1J1MHZ3SFJEQ0xET1FjdWhITXA4ZlFyVtIBeEFVX3lxTE5MdDdMVVUwV0o3eld1bTJ1TDc1Y3VpcUc0T19HbUhIanpVbE1jek5aZVhsdE5KWlFRanhya1hoMkdNS2ZvNXMyR2JaQmRoRC0wMnVFVVRRMm1fbXhsRnJlUklqSFRPU0Z0X2ZBUkNpeUhjbEFDcVo1cA?oc=5,"Fri, 27 Feb 2026 01:53:57 GMT"
2026-02-27,google,고혈압,GSK도 ‘조’단위 인수…폐동맥고혈압 ‘차세대 파이프라인 경쟁’ 본격화,GSK도 ‘조’단위 인수…폐동맥고혈압 ‘차세대 파이프라인 경쟁’ 본격화 더바이오,https://news.google.com/rss/articles/CBMibEFVX3lxTFBkTndxSGJ5VkxHZkdVUzZuNmtXdnREYkpWVTU4clg3bDg3SDg3NXBrZVhkWE9ma1BvbGN0Rjg2cWxxV2haRDhmNzkzM00xVzlMVmRsWnhkZ0NrblVZeHhfd0M1Vjk4NF94V1NXaNIBcEFVX3lxTE14Z3d1QUlfaFNUcXFBNUZkQkZVZlVVQ2hPamJpaEtCS0JZbkt2XzR0ay1TdFpzNFBoNUNDaXpsSlY2TW0zRmZqbm5LMlB4X0NxZ3FET3otTzZEX3BZTVNFcE83blJhd1NDYUR3YWQwb2c?oc=5,"Thu, 26 Feb 2026 23:00:00 GMT"
2026-02-27,google,수술,‘다빈치’·‘휴고’글로벌 수술로봇 각축전…틈새 노리는 국산 제품,‘다빈치’·‘휴고’글로벌 수술로봇 각축전…틈새 노리는 국산 제품 이투데이,https://news.google.com/rss/articles/CBMiVEFVX3lxTE5pUVcxWXFmQnBOQVlNdF9OQnlNTWF2MXltSmpzX0dBUWc0V1A4MUhTMS00dzluUU5pc3dxVDRFM2E2UndtTVltNmtFbnhQR2JjcTUwTw?oc=5,"Fri, 27 Feb 2026 00:00:00 GMT"
2026-02-27,google,수술,"랄랄, 코 성형수술에 다이어트까지…물오른 비주얼 ""3㎏ 감량"" [N샷]","랄랄, 코 성형수술에 다이어트까지…물오른 비주얼 ""3㎏ 감량"" [N샷] v.daum.net",https://news.google.com/rss/articles/CBMiRkFVX3lxTE42MmtGZ2lIRjU1c0FNLWVWamU2ZGoxUWlWOHMyVEpRZDdrRGFQSjhsU1MteWl6Y1JZTkNEclh0RkdyRXdkNVE?oc=5,"Wed, 25 Feb 2026 07:41:06 GMT"
2026-02-27,google,수술,"[샷!] ""한국은 성형수술 나라""…동남아 누리꾼 뿔났다","[샷!] ""한국은 성형수술 나라""…동남아 누리꾼 뿔났다 연합뉴스",https://news.google.com/rss/articles/CBMiW0FVX3lxTFBLb1ZrQmU0Wmw2UUN3eXd0ZmVFdkMzb3pxb1F5Y0VKZ3JNc1VYSjZZckI0Q1RmbG9UZkpXQ3ktYUpCbDhsZ1FrSktXUjhoeDg2WExYX2JyM2NsTEXSAWBBVV95cUxOSGlYc0RRaFhmMjlaOHUwc3VsT3Z2aEZMZW1ybnIyTjhHT0tlY2NnTlVRN3B5VWh2RjhlR3hUaklxWXZacDc5dmsxdGZSYnRaWkl2UlVIRThSa0hHMHlEa2U?oc=5,"Thu, 26 Feb 2026 20:50:00 GMT"
2026-02-27,google,수술,하안검 수술 등 눈밑 성형과 줄기세포 치료 병행시 기대 효과는?,하안검 수술 등 눈밑 성형과 줄기세포 치료 병행시 기대 효과는? 네이트,https://news.google.com/rss/articles/CBMiU0FVX3lxTFBVYk9TVFRFMlhuX3YwVlNsOWg4T0RIaWhINkRGczdQc0EyZlo1cjhPbGluRWhOc0V0bWJzQlJLYWwyNUNwU3lic1NkUmt0b1dReG1B?oc=5,"Fri, 27 Feb 2026 01:01:00 GMT"
2026-02-27,google,수술,"한화생명, ‘카티라이프수술특약’ 두 달 만에 3만6000건 돌파","한화생명, ‘카티라이프수술특약’ 두 달 만에 3만6000건 돌파 파이낸셜뉴스",https://news.google.com/rss/articles/CBMiWkFVX3lxTE51eHkwaWdKU1BiakdHZGZVazhHN2luNDhRU1ZMellPelZxelpVMGR3VXRaaTFiU1l6VVpwRDJCWk5oSnFHSnpmR2E2UWVKVGg3U28xNnliWnRKd9IBXkFVX3lxTFBGQjRYQW02SlRfaTlSbDlIUGJyYWFlVXlwM1hyWk1wbEtheWpJSVdPbGtaTUNQSDlYdkpraUtvY1dTQ051bGJLdTNOaXFnMWpDcW8ya0FhZVVqT3JPUWc?oc=5,"Thu, 26 Feb 2026 02:45:59 GMT"
2026-02-27,google,수술,"한화생명 ""무릎 연골 수술 특약 가입 3.6만건 돌파""","한화생명 ""무릎 연골 수술 특약 가입 3.6만건 돌파"" v.daum.net",https://news.google.com/rss/articles/CBMiT0FVX3lxTFBLemQ3blhNclU4SzVSYnFoSzFvS0ZXUlNMMVJNNDBVUFQ4c0V3d1VuUm5MamdPd2pyb1djZGVTaHNxbEdSSEk3R1hNNmphMmc?oc=5,"Thu, 26 Feb 2026 09:18:11 GMT"
2026-02-27,google,수술,한화생명 ‘카티라이프 수술특약’ 가입 3만6000건 달성,한화생명 ‘카티라이프 수술특약’ 가입 3만6000건 달성 글로벌이코노믹,https://news.google.com/rss/articles/CBMihAFBVV95cUxNci1hVnNFdnU5STBHY3pXbERlVVFrM3ZwZzlIVzBaNlN1YUw1cWk5SHh5ZzJ1RlBtTmdiN3NmaWRCdzhva1ctLWFlV1pyd1JkUmEyRkhvQ1gzWlZtOHBmQ3gtUnMtcDZCVnpUaEFxd2YyMEp4NHU2N2tZUDR6UlBLRWNkUDg?oc=5,"Thu, 26 Feb 2026 00:51:04 GMT"
2026-02-27,google,수술,"김명기 전북대병원 교수, 로봇수술 개인 1000례 달성","김명기 전북대병원 교수, 로봇수술 개인 1000례 달성 뉴시스",https://news.google.com/rss/articles/CBMiYEFVX3lxTE9sZFBSNmkzX04xWHFZWk5EYndpVVNrYzhsZ3RkLS1Pams4MHlaUUQ3RnVzR3FneWE5b1JZWUpvLUdkQUd2b0pvNUM3Y2ZwdG5oOF9JTDBmRWgzODM5MnEtRdIBeEFVX3lxTFBqcmdVbk1hUm4yOXFWTFFzU2JacTlDWmRIU0dwLVNObHlOM0FEbWd4Y2RxS2tOTzRmQ1VJRERjZjhXSm96dFdiaDhFUFFvSnVQU1ZLaWVScUltTWh0N1oyTXRDN2l2Vk5sSWs4U25mQ2ZEU3F0TnFCMA?oc=5,"Thu, 26 Feb 2026 05:35:27 GMT"
2026-02-27,google,수술,"[돼지와사람] [칼럼] ASF 사태, '희생양 찾기'보다 '시스템 수술'이 먼저다","[돼지와사람] [칼럼] ASF 사태, '희생양 찾기'보다 '시스템 수술'이 먼저다 pigpeople.net",https://news.google.com/rss/articles/CBMiZEFVX3lxTE5WUTRqd2p2VWxWZjhQTHpaZ0pwbGl0OUFzWFd0UnVGNEVZSDVudTdsQlFqc1F5NkNjaGgtcUJqSk9WN2J5TnAxSWVrZ3BYeFc1QmRzMEV3dzNyT3pNWHkzekRYMjQ?oc=5,"Wed, 25 Feb 2026 22:24:45 GMT"
2026-02-27,google,수술,"시지바이오, 아시아 의료진과 최소침습 척추수술 노하우 공유…","시지바이오, 아시아 의료진과 최소침습 척추수술 노하우 공유… 한국경제",https://news.google.com/rss/articles/CBMiWkFVX3lxTE0zS29ZbjZSaDdwVXBjZzRWV1RFU1V5VjJEbUlEQVhndndfUjBBNGNJTHBFMy0yTmRMOXNxV0sxQWdGNFFKdy1PMjMtR0pRaHVPT0U4Zkw0Y2lPZ9IBVEFVX3lxTFBSejJUNjBDVmlNZlk0enZ4cnZXV2VUYUFpX2dQMkN2MjNQeWRmRm1JRGlEdXBraEEtbkRPQklQYkNyOHpOaHhJVXZydDdjTFJkbGowMg?oc=5,"Fri, 27 Feb 2026 01:09:01 GMT"
2026-02-27,google,수술,"가와사키중공업, 수술용 로봇 ‘히노토리’로 유럽 시장 정조준…독점 체제 ‘다빈치’에 도전장","가와사키중공업, 수술용 로봇 ‘히노토리’로 유럽 시장 정조준…독점 체제 ‘다빈치’에 도전장 글로벌이코노믹",https://news.google.com/rss/articles/CBMihwFBVV95cUxPTzJQYV8wbThPS2Z2SXZ2QUdsMmhPWC1UWVFfTG91bGRSSHJ4UkwyYVpiWVhUNXF2dWkwLWIyTWVZcTBvSHpEcENRNUdfX09YMEJFWmtqSVE3R2lmUTROd3llbU5JeVNCMGFzUjFna2JMYjFDNzVFYmFjRldRMzdEdWx1VzhyYWM?oc=5,"Thu, 26 Feb 2026 20:59:51 GMT"
2026-02-27,google,수술,"이켠, 베트남서 봉변 당해 귀국 후 수술 “내 입으로 사업 대박났다고 얘기한 적 없다”","이켠, 베트남서 봉변 당해 귀국 후 수술 “내 입으로 사업 대박났다고 얘기한 적 없다” 조선일보",https://news.google.com/rss/articles/CBMijwFBVV95cUxPcjRfT2I3ZDFFSDJYR1RXd2RnUkFCV21wN002RS02ZmU0bWZjVFBGVEpJYWdOdTNRaElCcDdpekl2Vm8tZXpqOGlxMGtzV2pGWmtZbUVSeDVxMTRLQkh5VVhtVS04M3dCSkloSm9yZnpWaDJ5UUwyeEk5WXVibHRQcUcwT19vQUlKWHRZeXh4RdIBowFBVV95cUxOLUNwVk5uZjdLY3BPTTVveTRVeDdyMzFneS1BOVBabjNDWGsyMkR2dm9jdE5PejhVb2hHZGVaQmtEcVZFbDByT3pOVFlqY2Z3emxNN0lzMzE0QkIyRWxteDFYZGFyckFvWW1NT1BhQmZDaFc4Wjc5eGpZNU1yUWRWdjRfa2RJekdsVlEtRGI5QzZlZ3RhYUptbnFNTlFLU0JRbmFV?oc=5,"Wed, 25 Feb 2026 22:10:00 GMT"
2026-02-27,google,수술,"‘사업가 변신’ 이켠, 베트남서 어깨 봉변 “의사 없어 한국서 수술行” [IS하이컷]","‘사업가 변신’ 이켠, 베트남서 어깨 봉변 “의사 없어 한국서 수술行” [IS하이컷] v.daum.net",https://news.google.com/rss/articles/CBMiT0FVX3lxTE9vZkxKR0JZdksyenl0WDVFTzFmUkMyWjRsLUlNNTZ3bTlhbXR4V2V0U2xoUUc4ckpHbWVWcXR0Q0R3eDZqUDQ0M3h5dDM4RnM?oc=5,"Wed, 25 Feb 2026 06:56:25 GMT"
2026-02-27,google,수술,"이켠 ""중국인 비켜주다 봉변""…베트남서 부상→한국 귀국해 수술","이켠 ""중국인 비켜주다 봉변""…베트남서 부상→한국 귀국해 수술 iMBC 연예",https://news.google.com/rss/articles/CBMiYEFVX3lxTE5fS2VIRTRZMXR3UklEck5acktnTWRzQ2tjYl9NeFdUMVVVR2hCb1hqUDVnazdRNGdvVmxENEw2bWJsTUdEWFFVcW5TNXk2OFViYkpKRDNpVEFndkVRUEpKUw?oc=5,"Wed, 25 Feb 2026 22:24:00 GMT"
2026-02-27,google,수술,박신양 “10년간 몸 못 가눠”…허리 수술·갑상선 투병 고백,박신양 “10년간 몸 못 가눠”…허리 수술·갑상선 투병 고백 동아일보,https://news.google.com/rss/articles/CBMidkFVX3lxTE80MXZMeFRKeHR4WWU1YWF4b3BVZC1QbXpSTjRnWkx6LURRQUZUM29LQVlNSllfWWFYMTNSU19SNldHQVEtTkNIN3dtREEtR0lNYm9MOUt5V0VVazU5dkZyUG05U2NBWHFRZm1jaHpqU2ozb000Q0HSAWZBVV95cUxQTS1pYk40UUV2bnBOU0I1bGFwRG1Xckplelh4QmpEU2FwTE4tSjNlN1VkcXFrQS16SmVldFh0WmRQUGxzZkZHbkJaYWRSMHZ6U0Z1bkxHTGtRb3ZxNFJNSWthZzdFWUE?oc=5,"Tue, 24 Feb 2026 08:35:00 GMT"
2026-02-27,google,수술,"“허리 수술+갑상선 탓, 10년 넘게 못 일어나”..박신양, 자취 감춘 이유 (‘세바시’)","“허리 수술+갑상선 탓, 10년 넘게 못 일어나”..박신양, 자취 감춘 이유 (‘세바시’) v.daum.net",https://news.google.com/rss/articles/CBMiRkFVX3lxTFA4TGRSVkF4a1h4MEZHZVlaQTNBTHpKWkNNQjlIY3M5R2ItdWg0Z2ZMTWdTWUxtcV8tam1xQXl4Yk1DWjFoOEE?oc=5,"Wed, 25 Feb 2026 01:17:25 GMT"
2026-02-27,google,수술,박신양 “허리 수술·갑상선 문제로 10년 동안 못 일어났다”,박신양 “허리 수술·갑상선 문제로 10년 동안 못 일어났다” v.daum.net,https://news.google.com/rss/articles/CBMiRkFVX3lxTE82c2tFVmVGWWlFTjREZXN1S2dHOE5JQmdoNXJYVktvOUNhUzlSNURhbkJTa2Rlei02SC1ROE5XYTNyOXU0OXc?oc=5,"Tue, 24 Feb 2026 13:57:43 GMT"
2026-02-27,google,수술,"제네웰 ‘웰패스’, 산부인과 수술 후 통증 조절에 효과","제네웰 ‘웰패스’, 산부인과 수술 후 통증 조절에 효과 후생신보",https://news.google.com/rss/articles/CBMiREFVX3lxTE1FT3lQWTdZdGR0RTRqWlRGeHpGVnFsMFkwbmZGQ2dOQVBZV2M5QTlCYmNtOHh0ZnVNUUdsLWtKdFJ3R1JQ?oc=5,"Fri, 27 Feb 2026 00:44:00 GMT"
2026-02-27,google,수술,"시지바이오, 태국서 아시아 의료진 대상 척추 수술 교육 프로그램 실시","시지바이오, 태국서 아시아 의료진 대상 척추 수술 교육 프로그램 실시 팜뉴스",https://news.google.com/rss/articles/CBMibEFVX3lxTE53ZHl2V3Y5aG82QkU4VXZmTDRfaklrN0VxRVRjT1JESjNycFdpLVUwVjRWTTZtaVkycXQyMFVqMVRKamlPcDZ0SHJrMVpCNG10dDFMNzc5S1hjYzVrZWgySmd1OVN2UTBLaTd1cQ?oc=5,"Fri, 27 Feb 2026 01:39:46 GMT"
